return_pct,cagr_pct,sharpe,sortino,max_dd_pct,turnover,positive_days_pct,trades,rebalances,days,strategy,rebalance_every,top_n,window_start,window_end,sample
14.056679040567467,30.589261366387554,0.8357703470536485,1.0595777284771961,-28.045318823259514,55.29492715798485,52.84552845528455,373,116,180,mom20,1,3,2020-01-01,2020-06-28,walk_forward_window
29.724255592959015,69.56601964253537,1.531480529577457,2.024528592299663,-28.816417374010683,52.867870291097475,54.761904761904766,422,122,180,mom20,1,3,2020-06-29,2020-12-25,walk_forward_window
9.032268183296743,19.18056748918957,0.9633084800830736,1.483866364554064,-9.775177094834165,46.80708038495536,50.81967213114754,435,123,180,mom20,1,3,2020-12-26,2021-06-23,walk_forward_window
23.163156151991338,52.61620238951548,2.26557842702966,3.373481047774847,-8.768003585911865,33.805078203024806,54.03225806451613,418,125,180,mom20,1,3,2021-06-24,2021-12-20,walk_forward_window
-14.8315698708948,-27.802236454761363,-1.024073306899297,-1.2499324089056782,-20.115334277657727,45.445264924666844,52.41935483870967,397,120,180,mom20,1,3,2021-12-21,2022-06-18,walk_forward_window
7.7740733592195355,16.406418828539525,0.7001670939998386,1.1503229654423235,-20.411513047840323,64.53333416809005,52.41935483870967,393,120,180,mom20,1,3,2022-06-19,2022-12-15,walk_forward_window
21.440306621072438,48.315415737304775,1.567344617326395,2.760704476743386,-10.30133950522888,47.11608614071331,50.413223140495866,389,116,180,mom20,1,3,2022-12-16,2023-06-13,walk_forward_window
-6.820464157774109,-13.35444896865261,-0.6661844911068572,-0.9566703119225981,-22.21090200067971,54.69439045645093,51.61290322580645,434,125,180,mom20,1,3,2023-06-14,2023-12-10,walk_forward_window
6.002911610078399,12.557392653720289,0.763598599097775,1.0707916311031684,-6.545182031585261,50.06123396625952,51.21951219512195,441,124,180,mom20,1,3,2023-12-11,2024-06-07,walk_forward_window
8.881438805969166,18.846261003007992,0.853862109632798,1.1882671138730632,-17.01030960350979,61.522174784025594,51.21951219512195,456,124,180,mom20,1,3,2024-06-08,2024-12-04,walk_forward_window
-13.278775583094705,-25.106155218738802,-0.8300209591752256,-0.8378481723857529,-31.72070516199469,51.48186263157849,55.00000000000001,397,118,180,mom20,1,3,2024-12-05,2025-06-02,walk_forward_window
15.402213302961943,33.7343143786651,1.4662460068129526,2.36181752638055,-6.722650301344258,53.58456602596823,53.6,454,126,180,mom20,1,3,2025-06-03,2025-11-29,walk_forward_window
-1.2819303124236625,-13.693587197271961,-0.9641448716414296,-1.030485604497041,-3.648449804416487,4.831865780720381,61.904761904761905,70,22,32,mom20,1,3,2025-11-30,2025-12-31,walk_forward_window
0.7801710837748388,1.5894531885762397,0.23651229130222814,0.28413573991006447,-27.427946570607308,49.368636456176425,51.21951219512195,575,116,180,mom20,1,5,2020-01-01,2020-06-28,walk_forward_window
17.71438420551148,39.22747006725788,1.169134776579249,1.5089378649432448,-25.147239300485214,46.7658777056135,54.761904761904766,657,122,180,mom20,1,5,2020-06-29,2020-12-25,walk_forward_window
17.041919747103673,37.61829250164992,1.921087655621829,2.8004213973944134,-9.894243722525642,36.13434765376394,58.19672131147541,692,123,180,mom20,1,5,2020-12-26,2021-06-23,walk_forward_window
22.22306257479676,50.26169749235427,2.7105340143520373,4.45921954794186,-5.72928616212196,32.26867236247652,56.451612903225815,673,125,180,mom20,1,5,2021-06-24,2021-12-20,walk_forward_window
-18.11424079488776,-33.33692577567964,-1.4566805791333661,-1.7346479583150374,-22.358436711650377,48.64688824346697,50.0,564,120,180,mom20,1,5,2021-12-21,2022-06-18,walk_forward_window
2.6321034253063536,5.413335067097291,0.33904942361061335,0.5330822124219088,-18.140705073432994,59.03522415129372,52.41935483870967,574,120,180,mom20,1,5,2022-06-19,2022-12-15,walk_forward_window
15.436335104734011,33.814564272352186,1.4327562115467325,2.5929885390680165,-9.122586584384818,39.11610895872612,48.760330578512395,579,116,180,mom20,1,5,2022-12-16,2023-06-13,walk_forward_window
-9.943873902577415,-19.1463135749128,-1.1889721568062173,-1.6987841671020483,-24.36076797961595,48.48277381118499,49.193548387096776,639,125,180,mom20,1,5,2023-06-14,2023-12-10,walk_forward_window
8.676792058817483,18.39343224357288,1.2875980830762066,1.717462647106203,-6.0440781394485725,38.85176276143672,56.91056910569105,687,124,180,mom20,1,5,2023-12-11,2024-06-07,walk_forward_window
7.376672581130372,15.537089645574586,0.8550994664655519,1.3048183896798347,-14.92598518420245,36.913630929910376,51.21951219512195,676,124,180,mom20,1,5,2024-06-08,2024-12-04,walk_forward_window
-16.62627829639154,-30.8559106348794,-1.1736514239192208,-1.157121925701974,-32.83992248319828,41.17070564462799,53.333333333333336,560,118,180,mom20,1,5,2024-12-05,2025-06-02,walk_forward_window
10.87051563272392,23.293241275282718,1.4394096176538411,2.22138612668147,-6.920856913553786,37.39609348959523,52.800000000000004,716,126,180,mom20,1,5,2025-06-03,2025-11-29,walk_forward_window
0.824896230133354,9.830486197673194,0.9648507723352523,1.5101766423378793,-1.8841449071416827,6.173735957476664,57.14285714285714,120,22,32,mom20,1,5,2025-11-30,2025-12-31,walk_forward_window
18.03427024744075,39.996273478309874,0.9534953248089405,1.1456729483730528,-31.11867045086901,20.957332349998257,53.65853658536586,91,25,180,mom20,5,3,2020-01-01,2020-06-28,walk_forward_window
60.8663848074297,162.3931592106826,2.646027068036561,3.3811522013970343,-18.56582300549302,17.979188589983547,54.761904761904766,99,27,180,mom20,5,3,2020-06-29,2020-12-25,walk_forward_window
7.094342013260113,14.92148893605625,0.777863945915406,1.1302158757471346,-11.161084559730128,19.49188792071691,54.91803278688525,104,26,180,mom20,5,3,2020-12-26,2021-06-23,walk_forward_window
33.98263323526156,81.05169684647386,3.199564765229721,4.742793030886313,-7.25211070081726,18.27483363920485,58.06451612903226,102,26,180,mom20,5,3,2021-06-24,2021-12-20,walk_forward_window
-13.925449908323206,-26.23505268625268,-0.9629654005155976,-1.2064288091433277,-22.12367644726467,19.074095035161225,50.806451612903224,94,26,180,mom20,5,3,2021-12-21,2022-06-18,walk_forward_window
12.513197318874791,27.028265210604907,1.033549570407657,1.6661862727406818,-18.811935575478167,22.795880059977563,50.806451612903224,94,25,180,mom20,5,3,2022-06-19,2022-12-15,walk_forward_window
26.38035903757512,60.814359083802415,1.838209131155154,3.0754954187226917,-12.155169520638198,20.595345252495893,51.2396694214876,93,26,180,mom20,5,3,2022-12-16,2023-06-13,walk_forward_window
-5.154517891804733,-10.18208917349921,-0.44964578003349,-0.6549041764326405,-18.611346851991872,22.753160558239394,53.2258064516129,105,26,180,mom20,5,3,2023-06-14,2023-12-10,walk_forward_window
11.775251565162437,25.34337766716974,1.3476082890765764,2.04473128192185,-8.387377561181818,23.46346407656408,52.03252032520326,110,26,180,mom20,5,3,2023-12-11,2024-06-07,walk_forward_window
13.239592984601778,28.697926488830028,1.134231974312685,1.7664922240014218,-18.309079798201676,22.212450044263893,52.03252032520326,106,26,180,mom20,5,3,2024-06-08,2024-12-04,walk_forward_window
0.34063164362823084,0.6924099727371846,0.18221012732264974,0.24164162344102447,-23.223408272790625,20.428016933588776,55.00000000000001,91,25,180,mom20,5,3,2024-12-05,2025-06-02,walk_forward_window
10.319810655809714,22.053735641148787,1.1446853994871993,1.7710561249796999,-8.094725313032114,22.17471422194088,51.2,108,26,180,mom20,5,3,2025-06-03,2025-11-29,walk_forward_window
-0.862859407814287,-9.418000686654072,-0.6280567848493317,-0.796898941628981,-3.245907002661075,4.086474007830253,61.904761904761905,21,6,32,mom20,5,3,2025-11-30,2025-12-31,walk_forward_window
12.043392194345003,25.954280131267616,0.7663481584166363,0.8655414897590368,-30.98682854013839,19.083843788492562,53.65853658536586,139,25,180,mom20,5,5,2020-01-01,2020-06-28,walk_forward_window
44.4364653390096,110.86812923013541,2.522726338989975,3.345260987695789,-14.60303706608277,17.21912699306169,57.14285714285714,159,27,180,mom20,5,5,2020-06-29,2020-12-25,walk_forward_window
10.443206377669823,22.330917811462502,1.2180944654164803,1.8663732166312097,-11.036387458336062,17.764464284125935,53.278688524590166,167,26,180,mom20,5,5,2020-12-26,2021-06-23,walk_forward_window
27.25729518321036,63.08672870424681,3.2754274169057855,5.691192908556921,-5.332500135435147,13.495678429013063,55.64516129032258,156,26,180,mom20,5,5,2021-06-24,2021-12-20,walk_forward_window
-17.865787859751503,-32.92585521815731,-1.4130811539731158,-1.7245121516278645,-21.624098307543292,20.910579252052823,47.58064516129033,134,26,180,mom20,5,5,2021-12-21,2022-06-18,walk_forward_window
4.0974392778243995,8.489763042508347,0.46303993504512786,0.6582683481341361,-17.871046525006562,21.351320237034617,50.806451612903224,138,25,180,mom20,5,5,2022-06-19,2022-12-15,walk_forward_window
21.625081809028757,48.77368920649532,1.8055971139551006,3.0281984703384444,-9.42129587848094,19.80836060041355,52.066115702479344,138,26,180,mom20,5,5,2022-12-16,2023-06-13,walk_forward_window
-6.81583691104064,-13.34571770303935,-0.7372659945648289,-1.083816358781736,-18.116689881072524,21.151538771904832,52.41935483870967,151,26,180,mom20,5,5,2023-06-14,2023-12-10,walk_forward_window
8.054819900826748,17.0225547758716,1.1806686026346551,1.7010651701178805,-6.501973140124317,16.902197474480115,56.91056910569105,161,26,180,mom20,5,5,2023-12-11,2024-06-07,walk_forward_window
6.902183807216544,14.503456284219851,0.7939935683624422,1.1528692063224735,-17.52318962584962,16.948264760964793,54.47154471544715,158,26,180,mom20,5,5,2024-06-08,2024-12-04,walk_forward_window
-2.769985779370676,-5.540666825739948,-0.03886303033908253,-0.0516071233431405,-25.885841695820645,20.971171031175093,53.333333333333336,131,25,180,mom20,5,5,2024-12-05,2025-06-02,walk_forward_window
8.56891839919709,18.15508943705213,1.2367612896586917,1.8860624146511358,-6.912688494788899,19.77545314151381,52.0,174,26,180,mom20,5,5,2025-06-03,2025-11-29,walk_forward_window
-0.5369936949717102,-5.960751791098273,-0.5572419361110491,-0.8446833984015385,-2.081516561987673,4.057405746915574,57.14285714285714,35,6,32,mom20,5,5,2025-11-30,2025-12-31,walk_forward_window
26.82375916156119,61.961302945394166,1.213462532420559,1.4519198592818543,-38.62554950478943,10.315823094241386,56.91056910569105,33,8,180,mom20,20,3,2020-01-01,2020-06-28,walk_forward_window
65.80300332607298,178.9905956851569,2.575293195194908,3.4314538097769214,-19.35294966075518,9.378989671552,58.730158730158735,33,8,180,mom20,20,3,2020-06-29,2020-12-25,walk_forward_window
10.272785933801254,21.94818855352758,0.9617716307887386,1.4296737184391113,-14.079587402341321,10.698842359515641,55.73770491803278,37,8,180,mom20,20,3,2020-12-26,2021-06-23,walk_forward_window
14.50196078811208,31.62586085775514,1.7145816745496678,2.878765677258163,-7.654677086512185,12.0,54.03225806451613,39,8,180,mom20,20,3,2021-06-24,2021-12-20,walk_forward_window
-7.0271387434557075,-13.743973274359167,-0.3981916073227257,-0.5216732941318768,-18.082886868979276,9.594046523045005,52.41935483870967,30,8,180,mom20,20,3,2021-12-21,2022-06-18,walk_forward_window
20.71573492466041,46.525275082365965,1.3782737616459406,1.971585518603029,-19.60630912246334,9.006038336837586,45.16129032258064,26,7,180,mom20,20,3,2022-06-19,2022-12-15,walk_forward_window
4.994011449657165,10.39422540597612,0.5389047396919804,0.9024124348546129,-13.665181280077555,12.000000000000002,53.71900826446281,35,8,180,mom20,20,3,2022-12-16,2023-06-13,walk_forward_window
-3.479729179303648,-6.934559469283075,-0.23740079506266626,-0.31577820142261726,-17.998144209321786,10.666666666666666,54.03225806451613,37,8,180,mom20,20,3,2023-06-14,2023-12-10,walk_forward_window
17.374947188376378,38.41402648547722,2.143392925047646,3.5618184673240756,-5.26199300789385,10.666666666666666,57.72357723577236,37,8,180,mom20,20,3,2023-12-11,2024-06-07,walk_forward_window
-1.0198434511462406,-2.058573149877918,0.04217594433225454,0.05588002625389914,-21.6093265136033,12.666666666666666,50.40650406504065,40,8,180,mom20,20,3,2024-06-08,2024-12-04,walk_forward_window
-15.785869242436323,-29.43429758153765,-0.8678514268048743,-1.1893442998309764,-34.57886309216218,11.333333333333332,49.166666666666664,35,7,180,mom20,20,3,2024-12-05,2025-06-02,walk_forward_window
30.362103855478793,71.26211491586541,2.5285622615840246,4.246763389124812,-6.290056118254206,9.34283443424379,52.0,35,8,180,mom20,20,3,2025-06-03,2025-11-29,walk_forward_window
-0.631820462206889,-6.9790239801565175,-0.6855165071079743,-0.8854638747243029,-2.7694195508910724,4.0,57.14285714285714,12,3,32,mom20,20,3,2025-11-30,2025-12-31,walk_forward_window
9.868331364240856,21.042301499676963,0.6499271800873212,0.7470273581487733,-36.966184337727846,9.377318536774318,56.09756097560976,48,8,180,mom20,20,5,2020-01-01,2020-06-28,walk_forward_window
46.08281684170053,115.77398243196421,2.352562968385035,3.079256163977269,-15.183063159491672,9.97405971513152,61.904761904761905,52,8,180,mom20,20,5,2020-06-29,2020-12-25,walk_forward_window
9.760114881745352,20.800501886048075,1.112080802655841,1.6097217546122689,-8.417933830262003,9.614225198136795,53.278688524590166,59,8,180,mom20,20,5,2020-12-26,2021-06-23,walk_forward_window
18.911009420495418,42.114407421575415,2.3605412968126536,3.9885765005467095,-6.821166715331328,9.216638616048996,53.2258064516129,58,8,180,mom20,20,5,2021-06-24,2021-12-20,walk_forward_window
-7.333651417848253,-14.320025735919739,-0.4797277269018684,-0.6215206739079194,-18.08288686897925,8.959705537283533,50.0,43,8,180,mom20,20,5,2021-12-21,2022-06-18,walk_forward_window
14.723240648983293,32.142538405107636,1.1387147442562253,1.4895712169100972,-20.444257735594306,8.97944207694575,45.96774193548387,40,7,180,mom20,20,5,2022-06-19,2022-12-15,walk_forward_window
4.823721669393355,10.031209609750015,0.5615107133953323,1.081148158948071,-13.069999308173097,10.402407361789738,52.892561983471076,49,8,180,mom20,20,5,2022-12-16,2023-06-13,walk_forward_window
-9.915229462628739,-19.094120161879957,-1.1158319917660704,-1.4344185800281362,-20.53766865864669,10.786584374512458,56.451612903225815,58,8,180,mom20,20,5,2023-06-14,2023-12-10,walk_forward_window
11.677862233441981,25.121869326899883,1.7844975472293576,2.4255172823118216,-4.059265504712961,8.40317733718777,56.91056910569105,56,8,180,mom20,20,5,2023-12-11,2024-06-07,walk_forward_window
9.437891591950386,20.081976226643516,0.9321998946135521,1.16523912872133,-18.09377927649882,10.427858026729675,57.72357723577236,57,8,180,mom20,20,5,2024-06-08,2024-12-04,walk_forward_window
-12.307170205739826,-23.393676184488776,-0.6907098545693076,-0.9067976852556924,-29.734338759344503,9.939942132156375,50.0,45,7,180,mom20,20,5,2024-12-05,2025-06-02,walk_forward_window
35.13823679825494,84.23445840914347,3.8238279126470083,6.360941047961438,-4.512977904638071,7.6,60.0,54,8,180,mom20,20,5,2025-06-03,2025-11-29,walk_forward_window
-1.2512915207952724,-13.387348361120521,-1.4085186597353945,-1.8238535778083846,-2.4643521281361935,3.6,61.904761904761905,19,3,32,mom20,20,5,2025-11-30,2025-12-31,walk_forward_window
-3.2291545359719787,-6.4436464523444865,0.15669407150956727,0.1794665638819392,-49.95751076314089,38.51843816198014,53.65853658536586,396,124,180,mom60,1,3,2020-01-01,2020-06-28,walk_forward_window
70.63487890178968,195.73604568042816,2.7967515689025833,3.766320907485117,-19.012585143492988,18.726961264396586,59.523809523809526,403,127,180,mom60,1,3,2020-06-29,2020-12-25,walk_forward_window
30.20364588701994,70.83996178178842,2.4638350341362263,4.159170798062422,-9.82938771974846,22.442643486569853,55.73770491803278,398,123,180,mom60,1,3,2020-12-26,2021-06-23,walk_forward_window
-1.5658383071999515,-3.1517492015874726,-0.07448061111375506,-0.10992966092469694,-12.529832908086913,47.04430127676122,52.41935483870967,441,125,180,mom60,1,3,2021-06-24,2021-12-20,walk_forward_window
-5.314006227654189,-10.488297498623723,-0.25140974906406305,-0.3406063632581559,-19.24245229346917,19.525742706690473,55.64516129032258,390,125,180,mom60,1,3,2021-12-21,2022-06-18,walk_forward_window
-6.282802282213562,-12.336935021811158,-0.34340329241652245,-0.5015050426662995,-19.129724691942595,31.491257322844426,52.41935483870967,358,119,180,mom60,1,3,2022-06-19,2022-12-15,walk_forward_window
13.461931580147834,29.211194743627477,1.084713180574159,1.7383289257075494,-19.94779631043584,29.051852757247612,50.413223140495866,401,122,180,mom60,1,3,2022-12-16,2023-06-13,walk_forward_window
-1.801529433312521,-3.621720639263204,-0.05683146035883429,-0.0808062982834542,-17.052549293445995,28.428375494898273,52.41935483870967,408,125,180,mom60,1,3,2023-06-14,2023-12-10,walk_forward_window
6.417150568830521,13.451721762814817,0.9901395337829494,1.1386523563120479,-8.638253450483546,31.414056479673935,60.97560975609756,415,124,180,mom60,1,3,2023-12-11,2024-06-07,walk_forward_window
39.237134060876144,95.75055744240275,2.8073944978518925,4.2515687690489745,-14.238857889550715,23.424495069452206,58.536585365853654,402,124,180,mom60,1,3,2024-06-08,2024-12-04,walk_forward_window
-20.769225439892956,-37.64965292251846,-1.717019732864094,-2.3092746970895033,-29.888818191846667,41.18122783849597,40.0,363,117,180,mom60,1,3,2024-12-05,2025-06-02,walk_forward_window
20.096624515251982,45.004423362812695,1.7289336641933584,2.320654261739492,-8.125892060702977,23.274919301318782,58.4,408,126,180,mom60,1,3,2025-06-03,2025-11-29,walk_forward_window
-2.4572410765704267,-24.72141353770132,-1.8831611099546472,-2.1835090438801394,-5.160468301135568,7.459502996734148,42.857142857142854,74,22,32,mom60,1,3,2025-11-30,2025-12-31,walk_forward_window
-15.217492781633846,-28.464528578203073,-0.4152827150069372,-0.4400966768466355,-48.331134567999015,37.44283022491126,57.72357723577236,595,124,180,mom60,1,5,2020-01-01,2020-06-28,walk_forward_window
51.27037684301643,131.6064230674011,2.7670055060959284,3.490091810308939,-15.116916887531072,23.117135322881968,62.698412698412696,679,127,180,mom60,1,5,2020-06-29,2020-12-25,walk_forward_window
25.082000633722878,57.479666664659376,2.4104993625422093,3.7221421469634572,-9.813009329421163,19.453638081870437,56.557377049180324,656,123,180,mom60,1,5,2020-12-26,2021-06-23,walk_forward_window
9.859187933251023,21.021861873147053,1.2651139470466513,1.945857831667392,-7.2094389150662685,15.665560047332917,57.25806451612904,656,125,180,mom60,1,5,2021-06-24,2021-12-20,walk_forward_window
-11.950408997072104,-22.75994634508657,-0.9538425564640013,-1.1914166999250038,-20.40211473155441,23.09576882946114,54.83870967741935,578,125,180,mom60,1,5,2021-12-21,2022-06-18,walk_forward_window
-4.963918659301692,-9.815454068516527,-0.29428458641400596,-0.42540922167726225,-18.492398918331975,32.5150370468427,53.2258064516129,542,119,180,mom60,1,5,2022-06-19,2022-12-15,walk_forward_window
8.847265501783607,18.77058360053383,0.887712397509327,1.5728643652904344,-16.222612514736568,29.136943521724614,51.2396694214876,648,122,180,mom60,1,5,2022-12-16,2023-06-13,walk_forward_window
-1.378112471858206,-2.776591641368431,-0.0710169989102581,-0.099447821461877,-14.812982995173607,25.43623012209022,54.03225806451613,635,125,180,mom60,1,5,2023-06-14,2023-12-10,walk_forward_window
14.385410552499067,31.354134579602167,2.2097251756818586,2.6233013838487094,-4.865847579943139,22.05191857743749,60.97560975609756,668,124,180,mom60,1,5,2023-12-11,2024-06-07,walk_forward_window
30.469802505284616,71.54934009640697,2.820218353147692,4.552754763726082,-12.296979493739425,21.709171843135305,56.91056910569105,661,124,180,mom60,1,5,2024-06-08,2024-12-04,walk_forward_window
-17.30573199203056,-31.994529876079635,-1.5809746151230322,-1.9436643642136204,-25.31197146487687,35.0970348656709,47.5,512,117,180,mom60,1,5,2024-12-05,2025-06-02,walk_forward_window
17.551925484716556,38.837844352462916,2.0679598848931593,2.7266880970793617,-4.226572971092713,22.028119095844303,58.4,677,126,180,mom60,1,5,2025-06-03,2025-11-29,walk_forward_window
-1.9145290017772432,-19.799825329711563,-1.8398134717393777,-2.156867951633415,-3.9589328994478534,6.1613865239449925,57.14285714285714,120,22,32,mom60,1,5,2025-11-30,2025-12-31,walk_forward_window
27.899503364536304,64.76111585575832,1.2109243482692065,1.4749697586836763,-36.533924611512916,14.26063116733077,56.09756097560976,91,26,180,mom60,5,3,2020-01-01,2020-06-28,walk_forward_window
72.6755987904935,202.95713006534015,2.90548279819035,3.789333038783499,-18.56582300549301,9.608678875330597,60.317460317460316,91,27,180,mom60,5,3,2020-06-29,2020-12-25,walk_forward_window
29.694597807966193,69.48736525113726,2.4456902736291513,4.422359090523488,-8.867730006008568,12.414655269286996,53.278688524590166,93,26,180,mom60,5,3,2020-12-26,2021-06-23,walk_forward_window
8.698075641869906,18.440486295521353,0.9630583772776635,1.435081296974717,-8.883039938607084,16.367088989871043,57.25806451612904,99,26,180,mom60,5,3,2021-06-24,2021-12-20,walk_forward_window
-2.1377979426746574,-4.290237602243585,-0.019222205878394124,-0.02719547983326962,-18.700704602583674,8.423237632029606,54.03225806451613,85,26,180,mom60,5,3,2021-12-21,2022-06-18,walk_forward_window
-8.615701672270347,-16.708263297397828,-0.5540794736853734,-0.7868288408177115,-20.73320147419262,14.891680953103684,50.806451612903224,82,26,180,mom60,5,3,2022-06-19,2022-12-15,walk_forward_window
0.7871276807009941,1.603683143274992,0.1946589453174225,0.3018761250099876,-20.856668425574163,16.2541974372794,52.066115702479344,99,26,180,mom60,5,3,2022-12-16,2023-06-13,walk_forward_window
-4.989573400226,-9.864847434537516,-0.33827445859773037,-0.46775188766515846,-19.199458924289324,14.262264893571858,50.0,94,26,180,mom60,5,3,2023-06-14,2023-12-10,walk_forward_window
14.977239052633662,32.736877725152056,2.2192581448068367,2.773904164585882,-5.8706386417702205,13.560761055906694,61.78861788617886,95,26,180,mom60,5,3,2023-12-11,2024-06-07,walk_forward_window
35.591767815699036,85.49125998923024,2.6649371162192885,3.8476051472858477,-15.032901122617071,11.163378705696038,57.72357723577236,91,26,180,mom60,5,3,2024-06-08,2024-12-04,walk_forward_window
-12.79961135191423,-24.264070169569997,-0.9192320127994679,-1.276958813118896,-28.52155512177269,17.760347875361056,45.0,82,24,180,mom60,5,3,2024-12-05,2025-06-02,walk_forward_window
20.02337010495645,44.825005528486585,1.7504031128511186,2.4148432307821346,-7.4413578613339855,14.36006469298764,54.400000000000006,96,26,180,mom60,5,3,2025-06-03,2025-11-29,walk_forward_window
-0.9103292415566622,-9.911834620375847,-0.7318180723388572,-1.006536561874144,-2.788368076800851,4.6986400447294105,57.14285714285714,22,6,32,mom60,5,3,2025-11-30,2025-12-31,walk_forward_window
15.37290689958446,33.66540914603491,0.8438076018385008,0.9956952136238149,-32.928881773550444,13.910916992806747,61.78861788617886,137,26,180,mom60,5,5,2020-01-01,2020-06-28,walk_forward_window
55.7273255859581,145.663305508854,2.9820910467443644,3.837655339592437,-14.43054851113822,11.026867949912047,61.904761904761905,154,27,180,mom60,5,5,2020-06-29,2020-12-25,walk_forward_window
28.802209903069233,67.12935053792073,2.6617725373246217,4.400495722621945,-9.779899558599837,7.210962542834503,59.01639344262295,142,26,180,mom60,5,5,2020-12-26,2021-06-23,walk_forward_window
13.853040385223082,30.11658324493196,1.672811589682885,2.794958824293105,-5.674860245338986,7.705422631826951,56.451612903225815,143,26,180,mom60,5,5,2021-06-24,2021-12-20,walk_forward_window
-7.25271501159912,-14.168106046787232,-0.5434743433429249,-0.6986798305800326,-19.17714748871284,9.554799488870167,54.83870967741935,123,26,180,mom60,5,5,2021-12-21,2022-06-18,walk_forward_window
-4.558199749776226,-9.032493975569123,-0.25634455524247013,-0.3562494044750764,-18.255248800923685,14.199312273886175,52.41935483870967,121,26,180,mom60,5,5,2022-06-19,2022-12-15,walk_forward_window
8.982545437383017,19.070306648581315,0.9058089655405455,1.569183037800392,-15.300226502734859,11.276577088419128,52.066115702479344,145,26,180,mom60,5,5,2022-12-16,2023-06-13,walk_forward_window
-0.7128708907373049,-1.4412278760095099,0.003436737906001742,0.004782356071013782,-14.948364048510099,10.810852836282923,56.451612903225815,139,26,180,mom60,5,5,2023-06-14,2023-12-10,walk_forward_window
19.681381856813918,43.98888398229002,2.966200504539819,3.6046389335340874,-3.72422354682147,7.902169843490441,60.16260162601627,144,26,180,mom60,5,5,2023-12-11,2024-06-07,walk_forward_window
28.867893230649997,67.30233863755797,2.733487931963195,4.45015151383389,-10.912402280132172,10.429380830611425,57.72357723577236,148,26,180,mom60,5,5,2024-06-08,2024-12-04,walk_forward_window
-10.87249874706715,-20.829120269875123,-0.8882660106961359,-1.1714052910282842,-23.703384173235232,13.915589910689306,48.333333333333336,111,24,180,mom60,5,5,2024-12-05,2025-06-02,walk_forward_window
21.301631433541868,47.97194902711757,2.4939275983353992,3.152990447262044,-4.3353079450583865,11.99051394992078,60.0,154,26,180,mom60,5,5,2025-06-03,2025-11-29,walk_forward_window
1.1400209265568728,13.813001449745578,1.2266151238468748,1.5078111687478233,-2.1107478619125764,3.2593833446957636,61.904761904761905,33,6,32,mom60,5,5,2025-11-30,2025-12-31,walk_forward_window
62.730435783900475,168.599632762781,2.064595641338203,2.5613805048849363,-35.045880575887075,5.451819053894627,60.16260162601627,27,8,180,mom60,20,3,2020-01-01,2020-06-28,walk_forward_window
62.52348905524443,167.90695918935796,2.56511119098452,3.307829669051442,-19.35294966075518,5.625569230653889,57.14285714285714,29,8,180,mom60,20,3,2020-06-29,2020-12-25,walk_forward_window
21.881997222320095,49.412074230978085,1.8043240246827879,3.3462483016129227,-8.27714957184823,6.9073716855971,52.459016393442624,31,8,180,mom60,20,3,2020-12-26,2021-06-23,walk_forward_window
9.077777843483537,19.281531125759056,0.971609900777213,1.3368818831621527,-8.80781116238385,8.118062844141095,56.451612903225815,33,8,180,mom60,20,3,2021-06-24,2021-12-20,walk_forward_window
-4.547334652913704,-9.011479215886432,-0.19459402271421647,-0.2740863762191097,-16.950186307952308,5.993006015662969,54.03225806451613,28,8,180,mom60,20,3,2021-12-21,2022-06-18,walk_forward_window
-16.81670711678589,-31.17599579683723,-1.1350950857190543,-1.5577515921841727,-26.91300294987683,9.050052373900481,50.806451612903224,29,8,180,mom60,20,3,2022-06-19,2022-12-15,walk_forward_window
8.99909755523296,19.10700543938628,0.8703921561778158,1.3508432627761389,-11.713034228710661,8.068586198303558,52.892561983471076,33,8,180,mom60,20,3,2022-12-16,2023-06-13,walk_forward_window
-9.286824915578595,-17.94479743232745,-0.709841922539553,-1.0113264783399019,-19.815006404565395,8.721018548974758,50.0,34,8,180,mom60,20,3,2023-06-14,2023-12-10,walk_forward_window
18.21722226801881,40.436939481075854,2.6389084472914686,3.851688803190865,-5.031716446965651,6.740300196234053,57.72357723577236,31,8,180,mom60,20,3,2023-12-11,2024-06-07,walk_forward_window
23.50006406357341,53.46452232136685,1.7822788762704613,2.3598306321758846,-18.095619568836074,6.802576328518272,53.65853658536586,31,8,180,mom60,20,3,2024-06-08,2024-12-04,walk_forward_window
-20.202363342156314,-36.74112935907825,-1.454904991230874,-2.050519457653177,-35.21167550297294,7.350801385590593,46.666666666666664,27,7,180,mom60,20,3,2024-12-05,2025-06-02,walk_forward_window
30.610602112696238,71.9252115299351,2.5648593275236014,3.424143556818224,-6.290056118254195,7.355779337574029,55.2,32,8,180,mom60,20,3,2025-06-03,2025-11-29,walk_forward_window
2.416015465796373,31.322631945563305,1.6689357208795481,2.0597146221101688,-2.5307058541579774,2.705502444828066,57.14285714285714,10,3,32,mom60,20,3,2025-11-30,2025-12-31,walk_forward_window
33.56562229189417,79.91007266696411,1.4132351080583638,1.7490084120777434,-31.594188840748483,6.89532477257772,60.97560975609756,46,8,180,mom60,20,5,2020-01-01,2020-06-28,walk_forward_window
50.31968846218318,128.6623680748228,2.5921432557533155,3.285359104149424,-15.699891784266839,5.498228872750398,61.111111111111114,48,8,180,mom60,20,5,2020-06-29,2020-12-25,walk_forward_window
28.14275015780041,65.39758233902151,2.5253489744527973,4.382476456112408,-9.560436413385487,5.04367634672688,55.73770491803278,47,8,180,mom60,20,5,2020-12-26,2021-06-23,walk_forward_window
10.87284721785926,23.29850262172681,1.2598333575027318,1.8495813109010204,-8.146587506387192,5.705716277385834,60.483870967741936,49,8,180,mom60,20,5,2021-06-24,2021-12-20,walk_forward_window
-10.462995071975334,-20.089251156973408,-0.8753857449138179,-1.154911867905829,-17.599374619221052,5.57640534158402,51.61290322580645,41,8,180,mom60,20,5,2021-12-21,2022-06-18,walk_forward_window
-10.61742536708914,-20.368677432515437,-0.7125120614658039,-0.9961846880796951,-20.582114919299254,8.527115735292657,54.83870967741935,40,8,180,mom60,20,5,2022-06-19,2022-12-15,walk_forward_window
11.566285969692336,24.8683375889337,1.22109896733447,2.1578640866293974,-10.54045132570548,5.316089613745034,50.413223140495866,48,8,180,mom60,20,5,2022-12-16,2023-06-13,walk_forward_window
-4.463860049273771,-8.849944443352165,-0.4089802843890164,-0.5899764820821287,-14.73545894061752,7.081211892207559,54.03225806451613,47,8,180,mom60,20,5,2023-06-14,2023-12-10,walk_forward_window
13.936325027757658,30.30979525209787,2.2456551851780153,3.3812227464356246,-4.5010211456454225,5.671710609971098,59.34959349593496,49,8,180,mom60,20,5,2023-12-11,2024-06-07,walk_forward_window
18.33555086013312,40.72232482001452,1.8032134942235876,2.646548589977057,-13.834754238586589,6.92569259364244,57.72357723577236,50,8,180,mom60,20,5,2024-06-08,2024-12-04,walk_forward_window
-13.497495154829231,-25.48894655408184,-1.0712673225718805,-1.4107082846059749,-27.94810716021837,6.130940333544908,50.0,36,7,180,mom60,20,5,2024-12-05,2025-06-02,walk_forward_window
31.501122346621813,74.31216416642008,3.552338773053725,4.842768069823055,-4.148193135435029,4.952466234617839,60.0,47,8,180,mom60,20,5,2025-06-03,2025-11-29,walk_forward_window
1.236361325573565,15.056578475720928,1.32368943845099,1.5660123155349877,-2.070300760311128,2.815171437671215,61.904761904761905,17,3,32,mom60,20,5,2025-11-30,2025-12-31,walk_forward_window
34.005967101475456,81.11568468383396,1.344250703934653,1.4766652189908023,-41.74082874937229,21.970101529881827,64.22764227642277,395,124,180,mom120,1,3,2020-01-01,2020-06-28,walk_forward_window
86.61735494618776,254.65560405786496,3.0908778013868683,3.9799334198313403,-19.012585143493,8.813161012631518,61.111111111111114,388,127,180,mom120,1,3,2020-06-29,2020-12-25,walk_forward_window
7.325483688106327,15.425352290172034,0.7429917290221714,1.275972363915439,-13.280942185187005,16.150503477234203,55.73770491803278,388,123,180,mom120,1,3,2020-12-26,2021-06-23,walk_forward_window
20.536208982404737,46.083439061838135,1.9364410705999309,3.437598870514326,-9.097856571973995,20.67725330460819,58.06451612903226,401,125,180,mom120,1,3,2021-06-24,2021-12-20,walk_forward_window
-4.006086880543858,-7.961506970494447,-0.1719359919583831,-0.2641610565599928,-17.592809368972574,16.062030975646827,50.806451612903224,394,125,180,mom120,1,3,2021-12-21,2022-06-18,walk_forward_window
20.968653419136185,47.14888778755517,1.5695557318243565,2.7455525417913695,-15.393284023250931,19.72854703432631,54.03225806451613,313,105,180,mom120,1,3,2022-06-19,2022-12-15,walk_forward_window
24.719368870786962,56.55461740772094,2.400871583001052,3.72542500434409,-10.608814585396264,21.718170753161658,58.67768595041323,394,122,180,mom120,1,3,2022-12-16,2023-06-13,walk_forward_window
1.120239190788097,2.286257178645501,0.21762773828207885,0.3020050235687523,-19.334288255462116,20.522794797860662,56.451612903225815,401,125,180,mom120,1,3,2023-06-14,2023-12-10,walk_forward_window
27.61483884862994,64.01785844538755,3.1275471675570112,4.08466421886697,-6.541915963011224,22.14717454860804,62.601626016260155,401,124,180,mom120,1,3,2023-12-11,2024-06-07,walk_forward_window
22.880728473868174,51.9068989767196,1.8487889864266764,2.9707241224575416,-18.00211583943999,23.843766437833473,57.72357723577236,403,124,180,mom120,1,3,2024-06-08,2024-12-04,walk_forward_window
-12.335490299777485,-23.443868908937283,-0.5382942601479163,-0.8634790980674462,-34.24571001563945,26.67284550518004,50.83333333333333,389,121,180,mom120,1,3,2024-12-05,2025-06-02,walk_forward_window
35.52119323240266,85.29540265678783,3.3982577429542524,5.6980410593251545,-5.7065072563058035,23.11896717595033,59.199999999999996,408,126,180,mom120,1,3,2025-06-03,2025-11-29,walk_forward_window
-2.13651938891668,-21.847369188687527,-1.6455361001292925,-1.9577337445480811,-3.8032317591171205,5.497063253992082,61.904761904761905,71,22,32,mom120,1,3,2025-11-30,2025-12-31,walk_forward_window
15.67541152280012,34.377524768022894,0.8611139052541602,0.9338105246160369,-40.85434824850031,17.882974834493083,62.601626016260155,633,124,180,mom120,1,5,2020-01-01,2020-06-28,walk_forward_window
47.92254698292526,121.32378465253812,2.500897599923232,3.1118574078711827,-15.808708490407374,14.675031214672657,61.111111111111114,662,127,180,mom120,1,5,2020-06-29,2020-12-25,walk_forward_window
18.451751062125908,41.00286286213939,1.7729847446000813,2.6950476798507266,-6.170884697596335,11.852974868140446,61.47540983606557,636,123,180,mom120,1,5,2020-12-26,2021-06-23,walk_forward_window
15.337727988254034,33.58272025564724,1.783156141845338,2.9737931587181907,-7.363279188463634,16.435209654111947,58.06451612903226,658,125,180,mom120,1,5,2021-06-24,2021-12-20,walk_forward_window
-2.6045318260751404,-5.214214681389007,-0.11923487338364386,-0.18055029837546213,-16.048689023534102,14.45906526628604,52.41935483870967,609,125,180,mom120,1,5,2021-12-21,2022-06-18,walk_forward_window
11.923119494742673,25.680077573722237,0.9825512859490909,1.6760450253834724,-18.87641319944744,26.296804896855683,54.03225806451613,419,105,180,mom120,1,5,2022-06-19,2022-12-15,walk_forward_window
25.899671239777213,59.57563310378846,3.0435814201494833,5.073419774162843,-8.366983200333722,12.648077159697397,56.19834710743802,624,122,180,mom120,1,5,2022-12-16,2023-06-13,walk_forward_window
3.034416855067068,6.253510076071134,0.39113431427091955,0.6089179611709814,-15.254625024505597,12.056234659806469,58.06451612903226,647,125,180,mom120,1,5,2023-06-14,2023-12-10,walk_forward_window
22.940595466895285,52.05711205677572,3.0586106448774752,4.281440926852804,-4.83769134681925,11.73027222988033,59.34959349593496,642,124,180,mom120,1,5,2023-12-11,2024-06-07,walk_forward_window
13.279043634322175,28.788922630814675,1.3772739461112953,2.027991129969652,-15.055598129611292,18.35597508086387,56.91056910569105,658,124,180,mom120,1,5,2024-06-08,2024-12-04,walk_forward_window
-16.493135293644368,-30.631667743548174,-0.8271298443288218,-1.2195603851704728,-34.83570662198543,25.769447454806993,47.5,600,121,180,mom120,1,5,2024-12-05,2025-06-02,walk_forward_window
22.973035793214702,52.138539973765255,2.878024096113195,4.7227071132911895,-4.773927014016799,20.588249268243914,56.00000000000001,662,126,180,mom120,1,5,2025-06-03,2025-11-29,walk_forward_window
0.04156739749763272,0.4754811324662267,0.09788699580942772,0.12468232637259706,-2.292077167562645,3.7686665983142063,61.904761904761905,114,22,32,mom120,1,5,2025-11-30,2025-12-31,walk_forward_window
42.96441777220037,106.53012220637032,1.565197473562568,1.7741588271186857,-37.796909673779155,7.40342764999215,64.22764227642277,85,26,180,mom120,5,3,2020-01-01,2020-06-28,walk_forward_window
82.10742942535107,237.4801382015776,2.9638587070614775,3.9724155943379285,-18.565823005492998,6.9701828240953905,60.317460317460316,87,27,180,mom120,5,3,2020-06-29,2020-12-25,walk_forward_window
6.4385881647787135,13.498102567958004,0.6468040607864374,1.0974798293641135,-11.564672234777507,9.171637105498798,54.09836065573771,88,26,180,mom120,5,3,2020-12-26,2021-06-23,walk_forward_window
23.260447692913377,52.86093347495719,2.1589707840675048,3.8024789407391397,-7.552737697986533,10.508490949197228,60.483870967741936,90,26,180,mom120,5,3,2021-06-24,2021-12-20,walk_forward_window
6.467286697210328,13.560207652312851,0.6061767845451967,0.9419265676571413,-13.50895658599136,7.283377566216242,54.83870967741935,85,26,180,mom120,5,3,2021-12-21,2022-06-18,walk_forward_window
25.38903929288945,58.26506267888023,1.8068956161881815,3.1894794863648728,-12.727195711401873,11.546802105594573,54.03225806451613,72,23,180,mom120,5,3,2022-06-19,2022-12-15,walk_forward_window
21.02283978798343,47.282668036652375,2.1720037139347292,3.111549954543518,-10.619221101192988,10.99180515787465,57.85123966942148,91,26,180,mom120,5,3,2022-12-16,2023-06-13,walk_forward_window
-0.4351133978743982,-0.8809408158239718,0.09612693555564891,0.12905323958973092,-20.69336642185372,9.705068345997267,55.64516129032258,89,26,180,mom120,5,3,2023-06-14,2023-12-10,walk_forward_window
15.44342137940562,33.83123330027753,1.9361048906018985,2.614200419035124,-6.808147536962073,12.176113820510707,56.09756097560976,93,26,180,mom120,5,3,2023-12-11,2024-06-07,walk_forward_window
31.362475498931875,73.93943766864236,2.5195052040681896,4.2859972387581475,-11.031055385783606,9.101549908057393,57.72357723577236,88,26,180,mom120,5,3,2024-06-08,2024-12-04,walk_forward_window
-14.731469030351285,-27.629945240006226,-0.7154127450786727,-0.9405142605652612,-36.56615614956383,11.20704613349193,52.5,86,25,180,mom120,5,3,2024-12-05,2025-06-02,walk_forward_window
36.440260658503874,87.85419808717899,3.404002969785433,5.416875637620059,-6.38938033782348,13.05789234657566,60.0,94,26,180,mom120,5,3,2025-06-03,2025-11-29,walk_forward_window
-0.7418969449691892,-8.148428461818547,-0.5702300670436956,-0.8525606046851575,-3.408882984638195,3.4122597458416357,61.904761904761905,20,6,32,mom120,5,3,2025-11-30,2025-12-31,walk_forward_window
24.66398583681597,56.41358231461231,1.1671748453067932,1.3771658027077756,-34.84218248892621,5.906789761796799,60.97560975609756,134,26,180,mom120,5,5,2020-01-01,2020-06-28,walk_forward_window
53.842168475198804,139.66639938485406,2.7802212507599533,3.5434984789939055,-16.176104619329166,8.74211402565,61.904761904761905,150,27,180,mom120,5,5,2020-06-29,2020-12-25,walk_forward_window
20.510196541753057,46.01947529272699,1.9715700799876374,2.9523056005125086,-6.209516283097727,6.209623274962321,59.83606557377049,139,26,180,mom120,5,5,2020-12-26,2021-06-23,walk_forward_window
17.33057539340377,38.307870394396645,1.9868995203135904,3.5079552959548534,-6.824793116263517,9.264503704085126,59.67741935483871,147,26,180,mom120,5,5,2021-06-24,2021-12-20,walk_forward_window
-6.813958383886421,-13.342172936623097,-0.5049357091528703,-0.754271596265209,-17.500315777371057,7.160950198662845,50.0,132,26,180,mom120,5,5,2021-12-21,2022-06-18,walk_forward_window
18.955675365659587,42.22274876780809,1.4247457327142536,2.513725999083894,-14.72286106993187,13.377931660801666,53.2258064516129,96,23,180,mom120,5,5,2022-06-19,2022-12-15,walk_forward_window
22.881311550080994,51.90836161799537,2.731389802147101,4.468083474105316,-9.026334916449652,6.808473208703116,57.02479338842975,141,26,180,mom120,5,5,2022-12-16,2023-06-13,walk_forward_window
1.0870300967541047,2.218104873954929,0.20898463830571934,0.3412482249862148,-15.949861362565565,7.58933968669857,57.25806451612904,143,26,180,mom120,5,5,2023-06-14,2023-12-10,walk_forward_window
24.14110848193807,55.08523179770608,3.2807013441883437,4.32940727933144,-4.739214042441908,5.166290493048792,60.97560975609756,137,26,180,mom120,5,5,2023-12-11,2024-06-07,walk_forward_window
21.072153445407295,47.40447168315172,2.093598387855051,3.187886074135805,-11.82139739793694,8.406848249404803,60.16260162601627,145,26,180,mom120,5,5,2024-06-08,2024-12-04,walk_forward_window
-12.165724099580565,-23.142736367244343,-0.6596523257446035,-0.8757100443232076,-30.631459176323183,11.883391981212723,50.83333333333333,136,25,180,mom120,5,5,2024-12-05,2025-06-02,walk_forward_window
24.600934559379706,56.25309821134703,3.0724709401318173,4.780391725981002,-4.777307878785509,8.026136264627267,56.8,141,26,180,mom120,5,5,2025-06-03,2025-11-29,walk_forward_window
0.6734476101663223,7.962100192796817,0.7483961133262789,1.034972632902632,-2.1935055570081796,2.879380459914396,57.14285714285714,32,6,32,mom120,5,5,2025-11-30,2025-12-31,walk_forward_window
43.92724272793569,109.36231670852838,1.5674492956339163,1.8901267628873162,-38.73585475647461,4.403784751482135,59.34959349593496,27,8,180,mom120,20,3,2020-01-01,2020-06-28,walk_forward_window
89.07692046764983,264.2047989697526,3.077855348080326,4.014158695323014,-19.35294966075518,3.609725390067968,60.317460317460316,26,8,180,mom120,20,3,2020-06-29,2020-12-25,walk_forward_window
1.5844263799497327,3.241282268969292,0.25361911962383443,0.4037497500161821,-14.257542092338127,5.540141228472803,51.63934426229508,29,8,180,mom120,20,3,2020-12-26,2021-06-23,walk_forward_window
11.459757355981615,24.626518873948445,1.156071050218533,1.810458063433149,-9.126596060234737,6.813933794077562,54.03225806451613,31,8,180,mom120,20,3,2021-06-24,2021-12-20,walk_forward_window
3.6555361473118886,7.55727382734348,0.39667545422373907,0.6400118345665663,-13.940173930139588,4.8717517564721975,53.2258064516129,28,8,180,mom120,20,3,2021-12-21,2022-06-18,walk_forward_window
17.567542461529563,38.87527458184961,1.3336331599146503,2.097667516030637,-14.250982216558883,5.673932316000565,54.83870967741935,24,8,180,mom120,20,3,2022-06-19,2022-12-15,walk_forward_window
14.375007511231752,31.32989467939764,1.5687095754876605,2.5173614036566607,-11.171085405849324,6.722457996790926,57.85123966942148,31,8,180,mom120,20,3,2022-12-16,2023-06-13,walk_forward_window
1.0331429409842663,2.1075656985433566,0.21178204030018005,0.2864944797933145,-19.40730483306332,5.470395849001873,58.06451612903226,29,8,180,mom120,20,3,2023-06-14,2023-12-10,walk_forward_window
21.8256593252913,49.271966799340184,2.680606485613851,3.5363263970901637,-5.897715880486154,4.712398048703633,59.34959349593496,28,8,180,mom120,20,3,2023-12-11,2024-06-07,walk_forward_window
35.495825770847446,85.22502896677295,2.845427873665431,4.766633703044793,-11.37950999219981,5.4064651603925675,57.72357723577236,29,8,180,mom120,20,3,2024-06-08,2024-12-04,walk_forward_window
-5.894921196690817,-11.599136663560294,-0.1198690153250084,-0.16752110520417376,-32.05538597039226,4.938068096695467,50.83333333333333,25,7,180,mom120,20,3,2024-12-05,2025-06-02,walk_forward_window
31.361289696804295,73.93625160339812,2.9783271991769062,4.417462913452033,-6.003088952191693,6.158097752589255,60.0,30,8,180,mom120,20,3,2025-06-03,2025-11-29,walk_forward_window
1.1306016603727986,13.692076599194003,0.8118044593546477,0.96441266339413,-3.032406967358492,2.68784451386418,66.66666666666666,10,3,32,mom120,20,3,2025-11-30,2025-12-31,walk_forward_window
30.21774284743193,70.87749654800697,1.3257957130673612,1.6359035153816637,-35.03406242599403,4.592215544523636,60.97560975609756,44,8,180,mom120,20,5,2020-01-01,2020-06-28,walk_forward_window
57.62763140760085,151.7844913291947,2.828985411196932,3.4679797119720406,-16.269210984700543,4.336625168103371,64.28571428571429,45,8,180,mom120,20,5,2020-06-29,2020-12-25,walk_forward_window
15.982629764480771,35.102700809293474,1.604325914645619,2.3984957383220906,-6.579021691447995,4.289076259026816,59.01639344262295,45,8,180,mom120,20,5,2020-12-26,2021-06-23,walk_forward_window
7.3404083889543115,15.457924917083353,0.9064990939588753,1.5740775964458116,-8.809039592750246,5.78512512315722,54.03225806451613,49,8,180,mom120,20,5,2021-06-24,2021-12-20,walk_forward_window
-10.937901278890216,-20.946962783666734,-0.8405374897981329,-1.2676127138949052,-17.045591743720678,5.740240862555349,52.41935483870967,44,8,180,mom120,20,5,2021-12-21,2022-06-18,walk_forward_window
9.061613827982296,19.24566613008716,0.782882927947888,1.1869787499213136,-18.149308754841243,7.355975766347359,54.03225806451613,35,8,180,mom120,20,5,2022-06-19,2022-12-15,walk_forward_window
9.046502430210923,19.21214164817613,1.1658617768162836,1.6675537350554253,-11.944231570599717,4.4868880039776045,55.371900826446286,46,8,180,mom120,20,5,2022-12-16,2023-06-13,walk_forward_window
3.353011031705111,6.921249503867721,0.41492354778622537,0.6705037467023777,-13.84305659477204,4.185652831852895,57.25806451612904,45,8,180,mom120,20,5,2023-06-14,2023-12-10,walk_forward_window
19.00980346650174,42.35409756148179,2.7467453432358484,3.653387239615028,-4.817232854843178,4.103467674111521,57.72357723577236,45,8,180,mom120,20,5,2023-12-11,2024-06-07,walk_forward_window
22.552616070836073,51.084964946699074,2.2115344431283672,3.219382630237704,-11.837489157387825,4.878876840065284,58.536585365853654,47,8,180,mom120,20,5,2024-06-08,2024-12-04,walk_forward_window
-3.44368939396561,-6.864032818765575,-0.041386788951705965,-0.0589751187283333,-28.56835889760174,3.7360147033819797,52.5,37,7,180,mom120,20,5,2024-12-05,2025-06-02,walk_forward_window
29.887195874700055,69.99847814177478,3.693913504929069,5.563296482068662,-4.809222519870593,4.9688865051990545,63.2,45,8,180,mom120,20,5,2025-06-03,2025-11-29,walk_forward_window
1.559994164889278,19.325412440410418,1.5315116372998179,1.9825438338821393,-1.9114541645883554,2.0344598632058832,61.904761904761905,15,3,32,mom120,20,5,2025-11-30,2025-12-31,walk_forward_window
-11.183525863745436,-21.388735030761406,-0.09875422450736662,-0.10612059546519208,-56.50067639635039,40.69796265031664,54.47154471544715,389,123,180,mom60_trend,1,3,2020-01-01,2020-06-28,walk_forward_window
70.63487890178968,195.73604568042816,2.7967515689025833,3.766320907485117,-19.012585143492988,18.726961264396586,59.523809523809526,403,127,180,mom60_trend,1,3,2020-06-29,2020-12-25,walk_forward_window
30.20364588701994,70.83996178178842,2.4638350341362263,4.159170798062422,-9.82938771974846,22.442643486569853,55.73770491803278,398,123,180,mom60_trend,1,3,2020-12-26,2021-06-23,walk_forward_window
-1.5658383071999515,-3.1517492015874726,-0.07448061111375506,-0.10992966092469694,-12.529832908086913,47.04430127676122,52.41935483870967,441,125,180,mom60_trend,1,3,2021-06-24,2021-12-20,walk_forward_window
-6.672183505293283,-13.07443259454809,-0.35720360192193384,-0.4824781098464388,-19.242452293469213,21.468780734281147,55.64516129032258,391,125,180,mom60_trend,1,3,2021-12-21,2022-06-18,walk_forward_window
-4.041143881077424,-8.029699477293262,-0.17335231980903887,-0.2566380869176738,-25.188683301738955,39.21125899372783,48.38709677419355,290,109,180,mom60_trend,1,3,2022-06-19,2022-12-15,walk_forward_window
23.951249902596494,54.6043250673657,2.2041434088415577,3.7761311949275815,-10.381724944487525,40.112775349096054,46.28099173553719,401,122,180,mom60_trend,1,3,2022-12-16,2023-06-13,walk_forward_window
-1.596309948959318,-3.212575350493807,-0.034632081497818545,-0.047135514267136316,-17.099969937884296,32.72405350878316,54.03225806451613,409,125,180,mom60_trend,1,3,2023-06-14,2023-12-10,walk_forward_window
7.268971838228944,15.302059435153947,1.1017076137424213,1.2755329750301403,-8.638253450483546,30.090766881360413,60.97560975609756,413,124,180,mom60_trend,1,3,2023-12-11,2024-06-07,walk_forward_window
31.04117727870832,73.07724200064234,2.4519470197634208,3.48034645293947,-13.34279393564708,26.007131694751113,56.91056910569105,406,124,180,mom60_trend,1,3,2024-06-08,2024-12-04,walk_forward_window
-22.43299874124395,-40.27773781318283,-1.849876930737439,-2.365890240975779,-31.93121428629403,45.38137698377202,42.5,327,106,180,mom60_trend,1,3,2024-12-05,2025-06-02,walk_forward_window
14.344087865580457,31.25786287911907,1.3051845503642538,1.7630821240942773,-10.509229145297427,25.81191005189747,56.00000000000001,412,126,180,mom60_trend,1,3,2025-06-03,2025-11-29,walk_forward_window
-2.4572410765704267,-24.72141353770132,-1.8831611099546472,-2.1835090438801394,-5.160468301135568,7.459502996734148,42.857142857142854,74,22,32,mom60_trend,1,3,2025-11-30,2025-12-31,walk_forward_window
-20.294426496001062,-36.889134591088116,-0.5477192632117707,-0.5494071623624316,-54.96304524016229,37.05284060381445,57.72357723577236,580,123,180,mom60_trend,1,5,2020-01-01,2020-06-28,walk_forward_window
50.40961558705115,128.94003294248395,2.6441880823111066,3.4279804251718615,-15.116916887531085,21.097510984307196,61.904761904761905,671,127,180,mom60_trend,1,5,2020-06-29,2020-12-25,walk_forward_window
25.082000633722878,57.479666664659376,2.4104993625422093,3.7221421469634572,-9.813009329421163,19.453638081870437,56.557377049180324,656,123,180,mom60_trend,1,5,2020-12-26,2021-06-23,walk_forward_window
9.859187933251023,21.021861873147053,1.2651139470466513,1.945857831667392,-7.2094389150662685,15.665560047332917,57.25806451612904,656,125,180,mom60_trend,1,5,2021-06-24,2021-12-20,walk_forward_window
-10.819083845382515,-20.732811062915367,-0.8397286000315959,-1.0438889454554408,-19.300934903293488,20.87308150768747,53.2258064516129,553,125,180,mom60_trend,1,5,2021-12-21,2022-06-18,walk_forward_window
-0.5609244938643121,-1.1349241103245866,0.08848795858384702,0.13176066384902269,-24.139987959904687,36.984082155507515,50.806451612903224,361,109,180,mom60_trend,1,5,2022-06-19,2022-12-15,walk_forward_window
17.289796211887285,38.210345780660184,1.9346540050361314,3.344379163553379,-8.725390401936206,34.3983405983816,50.413223140495866,563,122,180,mom60_trend,1,5,2022-12-16,2023-06-13,walk_forward_window
-2.144637195876642,-4.303809858083185,-0.1556441278596377,-0.2024503003999998,-15.699584270746868,28.175335749587415,56.451612903225815,628,125,180,mom60_trend,1,5,2023-06-14,2023-12-10,walk_forward_window
14.879538635300404,32.508105171144244,2.2588855542004525,2.7123669550470004,-4.865847579943261,21.64941542494186,60.97560975609756,667,124,180,mom60_trend,1,5,2023-12-11,2024-06-07,walk_forward_window
27.029361094480088,62.49453678941095,2.6651083383708527,3.988506509463522,-11.049224398740643,21.677964961873673,57.72357723577236,661,124,180,mom60_trend,1,5,2024-06-08,2024-12-04,walk_forward_window
-17.97746182317286,-33.11078069170221,-1.6304267504598606,-1.9038328453455102,-26.570642542128155,38.87212189087039,48.333333333333336,464,106,180,mom60_trend,1,5,2024-12-05,2025-06-02,walk_forward_window
14.247005731910223,31.031826228275982,1.7098355384635437,2.2513068893070067,-5.143443356220844,23.540885553357406,57.599999999999994,681,126,180,mom60_trend,1,5,2025-06-03,2025-11-29,walk_forward_window
-1.9145290017772432,-19.799825329711563,-1.8398134717393777,-2.156867951633415,-3.9589328994478534,6.1613865239449925,57.14285714285714,120,22,32,mom60_trend,1,5,2025-11-30,2025-12-31,walk_forward_window
37.36835625612529,90.45619277439437,1.3858040980860762,1.7467265962875265,-41.30327564256948,14.275352733808118,55.28455284552846,87,26,180,mom60_trend,5,3,2020-01-01,2020-06-28,walk_forward_window
72.6755987904935,202.95713006534015,2.90548279819035,3.789333038783499,-18.56582300549301,9.608678875330597,60.317460317460316,91,27,180,mom60_trend,5,3,2020-06-29,2020-12-25,walk_forward_window
29.694597807966193,69.48736525113726,2.4456902736291513,4.422359090523488,-8.867730006008568,12.414655269286996,53.278688524590166,93,26,180,mom60_trend,5,3,2020-12-26,2021-06-23,walk_forward_window
8.698075641869906,18.440486295521353,0.9630583772776635,1.435081296974717,-8.883039938607084,16.367088989871043,57.25806451612904,99,26,180,mom60_trend,5,3,2021-06-24,2021-12-20,walk_forward_window
-2.1377979426746574,-4.290237602243585,-0.019222205878394124,-0.02719547983326962,-18.700704602583674,8.423237632029606,54.03225806451613,85,26,180,mom60_trend,5,3,2021-12-21,2022-06-18,walk_forward_window
10.932983630091698,23.434242993231468,0.9172345682828061,1.414064623226644,-18.3263463684903,16.138006914850482,48.38709677419355,66,25,180,mom60_trend,5,3,2022-06-19,2022-12-15,walk_forward_window
9.831862164710415,20.960787086326825,1.044511173370017,1.570601772792107,-14.034612714745576,17.080725746440248,49.586776859504134,93,26,180,mom60_trend,5,3,2022-12-16,2023-06-13,walk_forward_window
-3.925204016717565,-7.804076677107075,-0.2435447040902326,-0.3316404724885775,-18.294278038677902,15.570998344630366,50.806451612903224,96,26,180,mom60_trend,5,3,2023-06-14,2023-12-10,walk_forward_window
14.977239052633662,32.736877725152056,2.2192581448068367,2.773904164585882,-5.8706386417702205,13.560761055906694,61.78861788617886,95,26,180,mom60_trend,5,3,2023-12-11,2024-06-07,walk_forward_window
33.811049382129376,80.5815192445835,2.585431562564694,3.6489331173565356,-14.004922509235573,12.45851051518685,58.536585365853654,93,26,180,mom60_trend,5,3,2024-06-08,2024-12-04,walk_forward_window
-19.00681746004157,-34.803140610766526,-1.5249723412479161,-2.018150080322626,-32.397690343579185,16.796601787977934,38.333333333333336,75,23,180,mom60_trend,5,3,2024-12-05,2025-06-02,walk_forward_window
20.02337010495645,44.825005528486585,1.7504031128511186,2.4148432307821346,-7.4413578613339855,14.36006469298764,54.400000000000006,96,26,180,mom60_trend,5,3,2025-06-03,2025-11-29,walk_forward_window
-0.9103292415566622,-9.911834620375847,-0.7318180723388572,-1.006536561874144,-2.788368076800851,4.6986400447294105,57.14285714285714,22,6,32,mom60_trend,5,3,2025-11-30,2025-12-31,walk_forward_window
21.9927421931847,49.687681634626244,1.0078942808237301,1.2379978256898228,-37.96447597712274,14.44237622411662,60.16260162601627,133,26,180,mom60_trend,5,5,2020-01-01,2020-06-28,walk_forward_window
57.31352195619479,150.76742378987308,2.9694274156980023,3.94504563639422,-14.430548511138241,9.468746878551288,61.111111111111114,150,27,180,mom60_trend,5,5,2020-06-29,2020-12-25,walk_forward_window
28.802209903069233,67.12935053792073,2.6617725373246217,4.400495722621945,-9.779899558599837,7.210962542834503,59.01639344262295,142,26,180,mom60_trend,5,5,2020-12-26,2021-06-23,walk_forward_window
13.853040385223082,30.11658324493196,1.672811589682885,2.794958824293105,-5.674860245338986,7.705422631826951,56.451612903225815,143,26,180,mom60_trend,5,5,2021-06-24,2021-12-20,walk_forward_window
-7.506957594575525,-14.644866771903686,-0.5661978247445535,-0.7301555193868381,-19.177147488712798,8.269035860414004,54.03225806451613,119,26,180,mom60_trend,5,5,2021-12-21,2022-06-18,walk_forward_window
14.231121397567549,30.994861490140902,1.1630290440228714,1.7948884284363384,-16.191535144704638,17.02507190518853,50.806451612903224,84,25,180,mom60_trend,5,5,2022-06-19,2022-12-15,walk_forward_window
11.572070552679058,24.881475330563042,1.4087313060076696,2.2107561444847827,-9.34135878229988,14.612051293389422,52.892561983471076,127,26,180,mom60_trend,5,5,2022-12-16,2023-06-13,walk_forward_window
0.49653886751925835,1.0101346659666,0.14374844956216917,0.19668388123413671,-13.912355862975566,10.905554634718866,55.64516129032258,137,26,180,mom60_trend,5,5,2023-06-14,2023-12-10,walk_forward_window
19.681381856813918,43.98888398229002,2.966200504539819,3.6046389335340874,-3.72422354682147,7.902169843490441,60.16260162601627,144,26,180,mom60_trend,5,5,2023-12-11,2024-06-07,walk_forward_window
28.55897012001507,66.48952804621963,2.7278211706619264,4.385545956640646,-10.37731875633786,10.402863252496019,58.536585365853654,148,26,180,mom60_trend,5,5,2024-06-08,2024-12-04,walk_forward_window
-13.715625183272673,-25.869715306301334,-1.2261367077650496,-1.5008322857922056,-24.792986501716307,13.687958443276568,43.333333333333336,103,23,180,mom60_trend,5,5,2024-12-05,2025-06-02,walk_forward_window
21.301631433541868,47.97194902711757,2.4939275983353992,3.152990447262044,-4.3353079450583865,11.99051394992078,60.0,154,26,180,mom60_trend,5,5,2025-06-03,2025-11-29,walk_forward_window
1.1400209265568728,13.813001449745578,1.2266151238468748,1.5078111687478233,-2.1107478619125764,3.2593833446957636,61.904761904761905,33,6,32,mom60_trend,5,5,2025-11-30,2025-12-31,walk_forward_window
62.730435783900475,168.599632762781,2.064595641338203,2.5613805048849363,-35.045880575887075,5.451819053894627,60.16260162601627,27,8,180,mom60_trend,20,3,2020-01-01,2020-06-28,walk_forward_window
62.52348905524443,167.90695918935796,2.56511119098452,3.307829669051442,-19.35294966075518,5.625569230653889,57.14285714285714,29,8,180,mom60_trend,20,3,2020-06-29,2020-12-25,walk_forward_window
21.881997222320095,49.412074230978085,1.8043240246827879,3.3462483016129227,-8.27714957184823,6.9073716855971,52.459016393442624,31,8,180,mom60_trend,20,3,2020-12-26,2021-06-23,walk_forward_window
9.077777843483537,19.281531125759056,0.971609900777213,1.3368818831621527,-8.80781116238385,8.118062844141095,56.451612903225815,33,8,180,mom60_trend,20,3,2021-06-24,2021-12-20,walk_forward_window
-4.547334652913704,-9.011479215886432,-0.19459402271421647,-0.2740863762191097,-16.950186307952308,5.993006015662969,54.03225806451613,28,8,180,mom60_trend,20,3,2021-12-21,2022-06-18,walk_forward_window
-3.5894498858972113,-7.149106300591546,-0.11635065643764743,-0.1709043206868189,-18.14697294335955,8.848933928369147,54.03225806451613,27,8,180,mom60_trend,20,3,2022-06-19,2022-12-15,walk_forward_window
16.79372482586894,37.026770116825006,1.797631078245574,2.9200397140554224,-8.53682411200084,6.626783182546624,51.2396694214876,29,8,180,mom60_trend,20,3,2022-12-16,2023-06-13,walk_forward_window
-6.6618858187381225,-13.054969204995704,-0.48431950254951583,-0.6673713280109846,-17.360015390255256,8.718355994631475,50.0,34,8,180,mom60_trend,20,3,2023-06-14,2023-12-10,walk_forward_window
18.21722226801881,40.436939481075854,2.6389084472914686,3.851688803190865,-5.031716446965651,6.740300196234053,57.72357723577236,31,8,180,mom60_trend,20,3,2023-12-11,2024-06-07,walk_forward_window
21.51811928517795,48.50831679757286,1.7416391924413506,2.091202515231509,-17.318087538499316,7.428132579100117,56.91056910569105,32,8,180,mom60_trend,20,3,2024-06-08,2024-12-04,walk_forward_window
-18.90173621484399,-34.631384975939206,-1.3032678504124604,-1.8964162530050652,-36.15293638535869,8.056554798208012,48.333333333333336,26,7,180,mom60_trend,20,3,2024-12-05,2025-06-02,walk_forward_window
30.610602112696238,71.9252115299351,2.5648593275236014,3.424143556818224,-6.290056118254195,7.355779337574029,55.2,32,8,180,mom60_trend,20,3,2025-06-03,2025-11-29,walk_forward_window
2.416015465796373,31.322631945563305,1.6689357208795481,2.0597146221101688,-2.5307058541579774,2.705502444828066,57.14285714285714,10,3,32,mom60_trend,20,3,2025-11-30,2025-12-31,walk_forward_window
32.748500140349265,77.68370844138799,1.3880388675377335,1.7180056177875673,-31.594188840748483,6.89532477257772,60.97560975609756,46,8,180,mom60_trend,20,5,2020-01-01,2020-06-28,walk_forward_window
52.39646783207401,135.11837445504042,2.6283357958608584,3.3516251767701295,-15.69989178426685,5.134369913392457,61.111111111111114,47,8,180,mom60_trend,20,5,2020-06-29,2020-12-25,walk_forward_window
28.14275015780041,65.39758233902151,2.5253489744527973,4.382476456112408,-9.560436413385487,5.04367634672688,55.73770491803278,47,8,180,mom60_trend,20,5,2020-12-26,2021-06-23,walk_forward_window
10.87284721785926,23.29850262172681,1.2598333575027318,1.8495813109010204,-8.146587506387192,5.705716277385834,60.483870967741936,49,8,180,mom60_trend,20,5,2021-06-24,2021-12-20,walk_forward_window
-7.0420041633793335,-13.7719561549983,-0.5304718538793954,-0.703892289466086,-17.599374619221088,5.537138173160157,53.2258064516129,40,8,180,mom60_trend,20,5,2021-12-21,2022-06-18,walk_forward_window
-2.1607989141818162,-4.335878336753341,-0.019442051472243704,-0.028355260940402263,-15.99894276465309,7.970858470756201,56.451612903225815,33,8,180,mom60_trend,20,5,2022-06-19,2022-12-15,walk_forward_window
11.915242863734887,25.66213068680401,1.4453770877922145,2.43404160085992,-8.47044149888868,6.533502515808482,53.71900826446281,44,8,180,mom60_trend,20,5,2022-12-16,2023-06-13,walk_forward_window
-4.669127028436759,-9.24690342844048,-0.43783531711090645,-0.5977641146261325,-15.134045816474917,7.358184358548894,53.2258064516129,46,8,180,mom60_trend,20,5,2023-06-14,2023-12-10,walk_forward_window
13.936325027757658,30.30979525209787,2.2456551851780153,3.3812227464356246,-4.5010211456454225,5.671710609971098,59.34959349593496,49,8,180,mom60_trend,20,5,2023-12-11,2024-06-07,walk_forward_window
17.628524910362508,39.02148421078535,1.7985520548695004,2.437156682460627,-13.496986804194345,7.269814050151611,62.601626016260155,51,8,180,mom60_trend,20,5,2024-06-08,2024-12-04,walk_forward_window
-11.130696901751946,-21.293824596070344,-0.8174579031728454,-1.084815142518564,-28.226280355142073,6.63964550804865,52.5,33,7,180,mom60_trend,20,5,2024-12-05,2025-06-02,walk_forward_window
31.501122346621813,74.31216416642008,3.552338773053725,4.842768069823055,-4.148193135435029,4.952466234617839,60.0,47,8,180,mom60_trend,20,5,2025-06-03,2025-11-29,walk_forward_window
1.236361325573565,15.056578475720928,1.32368943845099,1.5660123155349877,-2.070300760311128,2.815171437671215,61.904761904761905,17,3,32,mom60_trend,20,5,2025-11-30,2025-12-31,walk_forward_window
21.648925456713197,48.83287768991031,0.9791222113260603,1.1010575683570092,-48.21334028509913,28.770103190960814,62.601626016260155,392,124,180,mom120_trend,1,3,2020-01-01,2020-06-28,walk_forward_window
86.61735494618776,254.65560405786496,3.0908778013868683,3.9799334198313403,-19.012585143493,8.813161012631518,61.111111111111114,388,127,180,mom120_trend,1,3,2020-06-29,2020-12-25,walk_forward_window
7.325483688106327,15.425352290172034,0.7429917290221714,1.275972363915439,-13.280942185187005,16.150503477234203,55.73770491803278,388,123,180,mom120_trend,1,3,2020-12-26,2021-06-23,walk_forward_window
20.536208982404737,46.083439061838135,1.9364410705999309,3.437598870514326,-9.097856571973995,20.67725330460819,58.06451612903226,401,125,180,mom120_trend,1,3,2021-06-24,2021-12-20,walk_forward_window
-1.9854877073813282,-3.987730379477883,-0.019084992401979042,-0.02899568696833853,-14.97907404707024,16.10202361565218,51.61290322580645,394,125,180,mom120_trend,1,3,2021-12-21,2022-06-18,walk_forward_window
21.363881428890117,48.126078064901435,1.5664701902701343,2.852106947177546,-15.21445714099816,19.32091758904098,53.2258064516129,295,103,180,mom120_trend,1,3,2022-06-19,2022-12-15,walk_forward_window
22.521686973902533,51.00760303079297,2.2286172821932775,3.4540303020774967,-11.021003510238291,21.73126383769052,57.85123966942148,394,122,180,mom120_trend,1,3,2022-12-16,2023-06-13,walk_forward_window
-3.540856868704645,-7.054118958050726,-0.16275468971781784,-0.22887058785872336,-18.803416824177088,27.042830778265845,54.03225806451613,411,125,180,mom120_trend,1,3,2023-06-14,2023-12-10,walk_forward_window
27.61483884862994,64.01785844538755,3.1275471675570112,4.08466421886697,-6.541915963011224,22.14717454860804,62.601626016260155,401,124,180,mom120_trend,1,3,2023-12-11,2024-06-07,walk_forward_window
22.880728473868174,51.9068989767196,1.8487889864266764,2.9707241224575416,-18.00211583943999,23.843766437833473,57.72357723577236,403,124,180,mom120_trend,1,3,2024-06-08,2024-12-04,walk_forward_window
-18.516528891396376,-33.99980225089798,-1.3444513456678138,-1.7066000181459684,-35.25988572764381,34.49144782424063,51.66666666666667,375,121,180,mom120_trend,1,3,2024-12-05,2025-06-02,walk_forward_window
36.380538362439175,87.68738322226397,3.4626267195785347,5.7874867324334165,-5.706507256305827,21.797226303709202,59.199999999999996,406,126,180,mom120_trend,1,3,2025-06-03,2025-11-29,walk_forward_window
-2.13651938891668,-21.847369188687527,-1.6455361001292925,-1.9577337445480811,-3.8032317591171205,5.497063253992082,61.904761904761905,71,22,32,mom120_trend,1,3,2025-11-30,2025-12-31,walk_forward_window
5.085058013638477,10.588563016936781,0.45911528226050263,0.5073137128803906,-46.59159296666532,26.723066638129485,60.16260162601627,615,124,180,mom120_trend,1,5,2020-01-01,2020-06-28,walk_forward_window
47.916310760810845,121.30485147162489,2.5049968031993277,3.1114439258477335,-15.679838979184046,12.661535863078582,61.111111111111114,655,127,180,mom120_trend,1,5,2020-06-29,2020-12-25,walk_forward_window
18.451751062125908,41.00286286213939,1.7729847446000813,2.6950476798507266,-6.170884697596335,11.852974868140446,61.47540983606557,636,123,180,mom120_trend,1,5,2020-12-26,2021-06-23,walk_forward_window
15.337727988254034,33.58272025564724,1.783156141845338,2.9737931587181907,-7.363279188463634,16.435209654111947,58.06451612903226,658,125,180,mom120_trend,1,5,2021-06-24,2021-12-20,walk_forward_window
-2.8715444358854203,-5.740766187023716,-0.15503821277444102,-0.22541039503129734,-15.54774037469413,20.23762810491297,51.61290322580645,614,125,180,mom120_trend,1,5,2021-12-21,2022-06-18,walk_forward_window
18.850315290286247,41.96725535296484,1.4129375163486662,2.54373801559465,-16.387662593993724,22.08179491071227,54.83870967741935,363,103,180,mom120_trend,1,5,2022-06-19,2022-12-15,walk_forward_window
22.059150464420885,49.85307329257089,2.6959874873787437,4.607482954658837,-8.330701766660253,16.487157946852804,56.19834710743802,612,122,180,mom120_trend,1,5,2022-12-16,2023-06-13,walk_forward_window
-1.0910547119503233,-2.201503307653152,-0.0032140552891421225,-0.004927623301120528,-15.454772878438972,16.342524602949627,56.451612903225815,654,125,180,mom120_trend,1,5,2023-06-14,2023-12-10,walk_forward_window
22.940595466895285,52.05711205677572,3.0586106448774752,4.281440926852804,-4.83769134681925,11.73027222988033,59.34959349593496,642,124,180,mom120_trend,1,5,2023-12-11,2024-06-07,walk_forward_window
13.279043634322175,28.788922630814675,1.3772739461112953,2.027991129969652,-15.055598129611292,18.35597508086387,56.91056910569105,658,124,180,mom120_trend,1,5,2024-06-08,2024-12-04,walk_forward_window
-19.893295773395824,-36.2429711356376,-1.6370957280223273,-1.9416121783328535,-35.18564160037092,35.21996792006537,50.83333333333333,554,121,180,mom120_trend,1,5,2024-12-05,2025-06-02,walk_forward_window
21.67636014188483,48.90099518976039,2.733530369033678,4.569950503045012,-4.773927014016843,24.431909320335652,56.00000000000001,659,126,180,mom120_trend,1,5,2025-06-03,2025-11-29,walk_forward_window
0.04156739749763272,0.4754811324662267,0.09788699580942772,0.12468232637259706,-2.292077167562645,3.7686665983142063,61.904761904761905,114,22,32,mom120_trend,1,5,2025-11-30,2025-12-31,walk_forward_window
54.155039709754234,140.65647731869984,1.7573714076370928,2.142096785024144,-37.796909673779155,8.712016618061586,63.41463414634146,83,26,180,mom120_trend,5,3,2020-01-01,2020-06-28,walk_forward_window
82.10742942535107,237.4801382015776,2.9638587070614775,3.9724155943379285,-18.565823005492998,6.9701828240953905,60.317460317460316,87,27,180,mom120_trend,5,3,2020-06-29,2020-12-25,walk_forward_window
6.4385881647787135,13.498102567958004,0.6468040607864374,1.0974798293641135,-11.564672234777507,9.171637105498798,54.09836065573771,88,26,180,mom120_trend,5,3,2020-12-26,2021-06-23,walk_forward_window
23.260447692913377,52.86093347495719,2.1589707840675048,3.8024789407391397,-7.552737697986533,10.508490949197228,60.483870967741936,90,26,180,mom120_trend,5,3,2021-06-24,2021-12-20,walk_forward_window
3.185061338905859,6.568980427712501,0.3721399787615652,0.5646086846039061,-13.50895658599135,8.5280473356336,55.64516129032258,87,26,180,mom120_trend,5,3,2021-12-21,2022-06-18,walk_forward_window
24.885735147058096,56.97866343644671,1.768049152545315,3.1763713537087006,-13.578769707193427,11.198592379513077,54.83870967741935,69,23,180,mom120_trend,5,3,2022-06-19,2022-12-15,walk_forward_window
21.792474506350068,49.1894702511543,2.2376735629377165,3.2240929524271777,-11.140522338572612,9.014951305555499,58.67768595041323,88,26,180,mom120_trend,5,3,2022-12-16,2023-06-13,walk_forward_window
-4.7119319953262355,-9.329571805205894,-0.2628114368819558,-0.36387704872860266,-19.93728729801607,11.608152358840357,52.41935483870967,92,26,180,mom120_trend,5,3,2023-06-14,2023-12-10,walk_forward_window
15.44342137940562,33.83123330027753,1.9361048906018985,2.614200419035124,-6.808147536962073,12.176113820510707,56.09756097560976,93,26,180,mom120_trend,5,3,2023-12-11,2024-06-07,walk_forward_window
31.362475498931875,73.93943766864236,2.5195052040681896,4.2859972387581475,-11.031055385783606,9.101549908057393,57.72357723577236,88,26,180,mom120_trend,5,3,2024-06-08,2024-12-04,walk_forward_window
-8.33411547363816,-16.18665136715326,-0.44504917370795233,-0.5994315946166499,-30.927541729771413,11.790618105056563,52.5,82,25,180,mom120_trend,5,3,2024-12-05,2025-06-02,walk_forward_window
33.75039438988874,80.41545953107811,3.2569076703937396,5.063383631660939,-6.389380337823458,13.044968418312898,60.0,94,26,180,mom120_trend,5,3,2025-06-03,2025-11-29,walk_forward_window
-0.7418969449691892,-8.148428461818547,-0.5702300670436956,-0.8525606046851575,-3.408882984638195,3.4122597458416357,61.904761904761905,20,6,32,mom120_trend,5,3,2025-11-30,2025-12-31,walk_forward_window
31.428245225959373,74.11619700956244,1.294863787101007,1.6272869906258751,-36.94584335509805,9.659694314588211,60.97560975609756,132,26,180,mom120_trend,5,5,2020-01-01,2020-06-28,walk_forward_window
62.78992292852068,168.7989106716695,3.0690232132714104,3.941211737338497,-15.492870856538277,7.1226485344955135,61.904761904761905,144,27,180,mom120_trend,5,5,2020-06-29,2020-12-25,walk_forward_window
20.510196541753057,46.01947529272699,1.9715700799876374,2.9523056005125086,-6.209516283097727,6.209623274962321,59.83606557377049,139,26,180,mom120_trend,5,5,2020-12-26,2021-06-23,walk_forward_window
17.33057539340377,38.307870394396645,1.9868995203135904,3.5079552959548534,-6.824793116263517,9.264503704085126,59.67741935483871,147,26,180,mom120_trend,5,5,2021-06-24,2021-12-20,walk_forward_window
-5.326805002454183,-10.512847413113224,-0.3838069417768406,-0.5521159562284818,-16.079182941253745,9.026411929136788,53.2258064516129,134,26,180,mom120_trend,5,5,2021-12-21,2022-06-18,walk_forward_window
18.93668373752593,42.176677714896684,1.40927108679169,2.5091826084012947,-14.795323649548886,11.037842865664905,55.64516129032258,82,23,180,mom120_trend,5,5,2022-06-19,2022-12-15,walk_forward_window
18.70524943773637,41.6158584701831,2.3062494266347904,3.701897220738482,-9.71475456259412,7.485204522320144,57.85123966942148,138,26,180,mom120_trend,5,5,2022-12-16,2023-06-13,walk_forward_window
-1.4699722817459793,-2.9602592569740294,-0.04421199947641151,-0.07210084741677585,-15.874149299562546,9.45737183984047,56.451612903225815,146,26,180,mom120_trend,5,5,2023-06-14,2023-12-10,walk_forward_window
24.14110848193807,55.08523179770608,3.2807013441883437,4.32940727933144,-4.739214042441908,5.166290493048792,60.97560975609756,137,26,180,mom120_trend,5,5,2023-12-11,2024-06-07,walk_forward_window
21.072153445407295,47.40447168315172,2.093598387855051,3.187886074135805,-11.82139739793694,8.406848249404803,60.16260162601627,145,26,180,mom120_trend,5,5,2024-06-08,2024-12-04,walk_forward_window
-5.631950620698989,-11.09714975456476,-0.30010623180754586,-0.3902285979876871,-25.657879430605746,13.382472917014884,51.66666666666667,124,25,180,mom120_trend,5,5,2024-12-05,2025-06-02,walk_forward_window
23.64482938999921,53.829767900459366,3.0343764903073085,4.58084429644995,-4.777307878785542,9.128375763589888,58.4,142,26,180,mom120_trend,5,5,2025-06-03,2025-11-29,walk_forward_window
0.6734476101663223,7.962100192796817,0.7483961133262789,1.034972632902632,-2.1935055570081796,2.879380459914396,57.14285714285714,32,6,32,mom120_trend,5,5,2025-11-30,2025-12-31,walk_forward_window
44.49989692467384,111.05608493641563,1.5851584912771821,1.8992740284650806,-38.73585475647461,3.8221424206873653,60.16260162601627,26,8,180,mom120_trend,20,3,2020-01-01,2020-06-28,walk_forward_window
89.07692046764983,264.2047989697526,3.077855348080326,4.014158695323014,-19.35294966075518,3.609725390067968,60.317460317460316,26,8,180,mom120_trend,20,3,2020-06-29,2020-12-25,walk_forward_window
1.5844263799497327,3.241282268969292,0.25361911962383443,0.4037497500161821,-14.257542092338127,5.540141228472803,51.63934426229508,29,8,180,mom120_trend,20,3,2020-12-26,2021-06-23,walk_forward_window
11.459757355981615,24.626518873948445,1.156071050218533,1.810458063433149,-9.126596060234737,6.813933794077562,54.03225806451613,31,8,180,mom120_trend,20,3,2021-06-24,2021-12-20,walk_forward_window
3.6555361473118886,7.55727382734348,0.39667545422373907,0.6400118345665663,-13.940173930139588,4.8717517564721975,53.2258064516129,28,8,180,mom120_trend,20,3,2021-12-21,2022-06-18,walk_forward_window
17.567542461529563,38.87527458184961,1.3336331599146503,2.097667516030637,-14.250982216558883,5.673932316000565,54.83870967741935,24,8,180,mom120_trend,20,3,2022-06-19,2022-12-15,walk_forward_window
14.375007511231752,31.32989467939764,1.5687095754876605,2.5173614036566607,-11.171085405849324,6.722457996790926,57.85123966942148,31,8,180,mom120_trend,20,3,2022-12-16,2023-06-13,walk_forward_window
1.0331429409842663,2.1075656985433566,0.21178204030018005,0.2864944797933145,-19.40730483306332,5.470395849001873,58.06451612903226,29,8,180,mom120_trend,20,3,2023-06-14,2023-12-10,walk_forward_window
21.8256593252913,49.271966799340184,2.680606485613851,3.5363263970901637,-5.897715880486154,4.712398048703633,59.34959349593496,28,8,180,mom120_trend,20,3,2023-12-11,2024-06-07,walk_forward_window
35.495825770847446,85.22502896677295,2.845427873665431,4.766633703044793,-11.37950999219981,5.4064651603925675,57.72357723577236,29,8,180,mom120_trend,20,3,2024-06-08,2024-12-04,walk_forward_window
-10.89647109348718,-20.872324064343584,-0.6311680938549681,-0.860888703371686,-31.160018614301286,4.83507460337974,50.0,25,7,180,mom120_trend,20,3,2024-12-05,2025-06-02,walk_forward_window
31.361289696804295,73.93625160339812,2.9783271991769062,4.417462913452033,-6.003088952191693,6.158097752589255,60.0,30,8,180,mom120_trend,20,3,2025-06-03,2025-11-29,walk_forward_window
1.1306016603727986,13.692076599194003,0.8118044593546477,0.96441266339413,-3.032406967358492,2.68784451386418,66.66666666666666,10,3,32,mom120_trend,20,3,2025-11-30,2025-12-31,walk_forward_window
36.50088597472465,88.02361212380332,1.52125880425011,1.8337596326050474,-32.48293875509224,4.952148355080792,61.78861788617886,43,8,180,mom120_trend,20,5,2020-01-01,2020-06-28,walk_forward_window
60.00038647556774,159.53479672851367,2.805397569328447,3.559323348873262,-16.26921098470052,4.610983475563237,63.49206349206349,44,8,180,mom120_trend,20,5,2020-06-29,2020-12-25,walk_forward_window
15.982629764480771,35.102700809293474,1.604325914645619,2.3984957383220906,-6.579021691447995,4.289076259026816,59.01639344262295,45,8,180,mom120_trend,20,5,2020-12-26,2021-06-23,walk_forward_window
7.3404083889543115,15.457924917083353,0.9064990939588753,1.5740775964458116,-8.809039592750246,5.78512512315722,54.03225806451613,49,8,180,mom120_trend,20,5,2021-06-24,2021-12-20,walk_forward_window
-10.937901278890216,-20.946962783666734,-0.8405374897981329,-1.2676127138949052,-17.045591743720678,5.740240862555349,52.41935483870967,44,8,180,mom120_trend,20,5,2021-12-21,2022-06-18,walk_forward_window
10.087965718936264,21.533807889640343,0.8524868227028062,1.3069833009740814,-17.37903213058495,7.363915351092564,54.03225806451613,35,8,180,mom120_trend,20,5,2022-06-19,2022-12-15,walk_forward_window
7.9989848152348,16.899885770681845,1.0553640821249421,1.5102894947278611,-11.944231570599717,4.803232584073388,55.371900826446286,45,8,180,mom120_trend,20,5,2022-12-16,2023-06-13,walk_forward_window
3.353011031705111,6.921249503867721,0.41492354778622537,0.6705037467023777,-13.84305659477204,4.185652831852895,57.25806451612904,45,8,180,mom120_trend,20,5,2023-06-14,2023-12-10,walk_forward_window
19.00980346650174,42.35409756148179,2.7467453432358484,3.653387239615028,-4.817232854843178,4.103467674111521,57.72357723577236,45,8,180,mom120_trend,20,5,2023-12-11,2024-06-07,walk_forward_window
22.552616070836073,51.084964946699074,2.2115344431283672,3.219382630237704,-11.837489157387825,4.878876840065284,58.536585365853654,47,8,180,mom120_trend,20,5,2024-06-08,2024-12-04,walk_forward_window
-5.863994169405395,-11.54017458565918,-0.3159860797850089,-0.4025977862574387,-25.602897115348668,4.747395645962224,52.5,35,7,180,mom120_trend,20,5,2024-12-05,2025-06-02,walk_forward_window
29.887195874700055,69.99847814177478,3.693913504929069,5.563296482068662,-4.809222519870593,4.9688865051990545,63.2,45,8,180,mom120_trend,20,5,2025-06-03,2025-11-29,walk_forward_window
1.559994164889278,19.325412440410418,1.5315116372998179,1.9825438338821393,-1.9114541645883554,2.0344598632058832,61.904761904761905,15,3,32,mom120_trend,20,5,2025-11-30,2025-12-31,walk_forward_window
33.8648094975516,80.72876711241047,1.3450515088620263,1.4928332020375357,-43.17923120635172,19.988197597410384,62.601626016260155,392,124,180,mom120_vol_adj,1,3,2020-01-01,2020-06-28,walk_forward_window
74.4401395432364,209.27219136431216,2.7954607476509756,3.5783875190997296,-19.01258514349301,11.462802360008203,61.111111111111114,392,127,180,mom120_vol_adj,1,3,2020-06-29,2020-12-25,walk_forward_window
22.764025673343504,51.61429486584959,1.9605013952073962,3.2046414374552845,-7.814835689027644,14.486921275816663,56.557377049180324,386,123,180,mom120_vol_adj,1,3,2020-12-26,2021-06-23,walk_forward_window
16.54725688171903,36.44064245318263,1.5317783866667936,2.364631424443643,-10.82692309168628,21.184107494647186,54.83870967741935,402,125,180,mom120_vol_adj,1,3,2021-06-24,2021-12-20,walk_forward_window
4.321865131368385,8.964902250219108,0.48616079711273363,0.7016516802872906,-13.58153266815717,17.813628956484475,57.25806451612904,397,125,180,mom120_vol_adj,1,3,2021-12-21,2022-06-18,walk_forward_window
20.315593719077185,45.54140383355054,1.528854808838425,2.6565897095652966,-15.85521226872385,25.016259214396253,54.03225806451613,321,105,180,mom120_vol_adj,1,3,2022-06-19,2022-12-15,walk_forward_window
12.636659515082837,27.31126999660589,1.4030692583039177,2.1262655050107138,-10.986284081479504,28.214837274076935,52.892561983471076,404,122,180,mom120_vol_adj,1,3,2022-12-16,2023-06-13,walk_forward_window
2.1165309735784676,4.341579634920878,0.3042519588459043,0.386295873083866,-15.86220014663471,26.9937965756536,57.25806451612904,411,125,180,mom120_vol_adj,1,3,2023-06-14,2023-12-10,walk_forward_window
23.408065957915227,53.232638255535015,2.758807921287782,3.634530760312661,-6.541915963011247,20.119672998102512,63.41463414634146,398,124,180,mom120_vol_adj,1,3,2023-12-11,2024-06-07,walk_forward_window
19.20944901210808,42.83909486559301,1.9713487535373704,3.4635891195659205,-11.33238183613302,29.636455607540196,52.84552845528455,412,124,180,mom120_vol_adj,1,3,2024-06-08,2024-12-04,walk_forward_window
-8.525598683937785,-16.541535680020182,-0.3329145154555978,-0.5271681990403563,-31.12693841492147,25.813524335721766,51.66666666666667,388,121,180,mom120_vol_adj,1,3,2024-12-05,2025-06-02,walk_forward_window
26.761199225816966,61.799228553446085,3.691319656108328,8.516858282247716,-5.7048731538481885,15.465449826398922,58.4,397,126,180,mom120_vol_adj,1,3,2025-06-03,2025-11-29,walk_forward_window
-0.8811586243444025,-9.608661253479234,-1.0087346841294205,-1.3859318793403481,-3.0089916623790125,2.153639779682118,57.14285714285714,66,22,32,mom120_vol_adj,1,3,2025-11-30,2025-12-31,walk_forward_window
13.567629232932465,29.455560964098602,0.7848626042975799,0.8480533149109082,-40.756594924028754,19.046851040938094,61.78861788617886,636,124,180,mom120_vol_adj,1,5,2020-01-01,2020-06-28,walk_forward_window
49.720100375986156,126.81540908054427,2.6329337832552784,3.2059451182994536,-16.238647860792142,14.351187902263495,61.904761904761905,661,127,180,mom120_vol_adj,1,5,2020-06-29,2020-12-25,walk_forward_window
18.029546814692065,39.98490571902404,1.842671046586618,2.9084746128362284,-5.548008279412386,12.784529620436748,59.83606557377049,639,123,180,mom120_vol_adj,1,5,2020-12-26,2021-06-23,walk_forward_window
15.331816325279068,33.56882729445098,1.7861374713744906,2.997207115180542,-6.9775396183211384,13.617243378607242,58.87096774193549,651,125,180,mom120_vol_adj,1,5,2021-06-24,2021-12-20,walk_forward_window
-11.664879795065808,-22.250841064182513,-1.056945958549723,-1.536711115588388,-17.30405363187899,17.75500367176296,50.0,618,125,180,mom120_vol_adj,1,5,2021-12-21,2022-06-18,walk_forward_window
12.159876877706832,26.22013554205187,1.0008650422345464,1.6932529736617399,-19.14181799002861,25.497776688926596,52.41935483870967,417,105,180,mom120_vol_adj,1,5,2022-06-19,2022-12-15,walk_forward_window
26.24529433479532,60.465808410896905,3.11116803529525,5.144757884163077,-8.366983200333722,11.440488269955297,54.54545454545454,621,122,180,mom120_vol_adj,1,5,2022-12-16,2023-06-13,walk_forward_window
3.5907989379850402,7.421010376689496,0.4703225920068339,0.6627041811450426,-12.409184692134012,13.918795028015044,56.451612903225815,652,125,180,mom120_vol_adj,1,5,2023-06-14,2023-12-10,walk_forward_window
19.11825922397663,42.61746445546939,2.782179964781375,3.7381675832188583,-4.534829880624358,12.103763306413446,58.536585365853654,643,124,180,mom120_vol_adj,1,5,2023-12-11,2024-06-07,walk_forward_window
10.077757256194154,21.51094060474481,1.2719065820581317,2.0720957406991727,-11.96322599663986,18.641081920390604,54.47154471544715,659,124,180,mom120_vol_adj,1,5,2024-06-08,2024-12-04,walk_forward_window
-13.623254168454713,-25.70859283007716,-0.6689674717061969,-0.9729005257950359,-31.684082119647183,24.902946421609165,47.5,598,121,180,mom120_vol_adj,1,5,2024-12-05,2025-06-02,walk_forward_window
23.383999089964846,53.17200631857724,3.211025686746975,4.9854394053552324,-4.773927014016833,19.772553336488322,59.199999999999996,660,126,180,mom120_vol_adj,1,5,2025-06-03,2025-11-29,walk_forward_window
-1.4765284489758779,-15.615670852893082,-1.7454222824738965,-2.3563181609648276,-2.5340725657500562,5.342182256802559,42.857142857142854,118,22,32,mom120_vol_adj,1,5,2025-11-30,2025-12-31,walk_forward_window
42.79015942424995,106.0196239387166,1.5690715907281036,1.7978942860253995,-39.27915065659966,9.328642929563486,62.601626016260155,88,26,180,mom120_vol_adj,5,3,2020-01-01,2020-06-28,walk_forward_window
96.53367714544481,293.94222939421553,3.36186119312349,4.495273732780767,-18.565823005492998,6.379650057990564,60.317460317460316,86,27,180,mom120_vol_adj,5,3,2020-06-29,2020-12-25,walk_forward_window
20.14899604668765,45.13276302362712,1.7832700949694047,2.929526152140631,-7.763287068233138,9.711168944812197,57.377049180327866,89,26,180,mom120_vol_adj,5,3,2020-12-26,2021-06-23,walk_forward_window
19.53474301003979,43.63112114569716,1.786173681927168,2.7707817631753993,-8.986719782338215,9.041668513307636,60.483870967741936,88,26,180,mom120_vol_adj,5,3,2021-06-24,2021-12-20,walk_forward_window
5.935934643253682,12.413128577550925,0.6054857580041669,0.8573628741715715,-13.50895658599136,9.711879388997936,56.451612903225815,89,26,180,mom120_vol_adj,5,3,2021-12-21,2022-06-18,walk_forward_window
25.38903929288945,58.26506267888023,1.806895616188181,3.1894794863648728,-12.727195711401873,11.546802105594573,54.03225806451613,72,23,180,mom120_vol_adj,5,3,2022-06-19,2022-12-15,walk_forward_window
18.392568389482776,40.859944817481185,2.023647586070676,2.9630740334062153,-11.202645136186096,12.895453030196462,57.02479338842975,94,26,180,mom120_vol_adj,5,3,2022-12-16,2023-06-13,walk_forward_window
0.15776732803467475,0.3203961078978912,0.12608876773626415,0.16624378658251082,-19.255910807288025,13.662803199065955,52.41935483870967,95,26,180,mom120_vol_adj,5,3,2023-06-14,2023-12-10,walk_forward_window
19.754274560183948,44.1668922767676,2.5657594239471657,3.935629297662838,-7.2598934577808745,10.219653520721698,58.536585365853654,90,26,180,mom120_vol_adj,5,3,2023-12-11,2024-06-07,walk_forward_window
12.935440385090446,27.997468889668276,1.4912629119862586,2.3014412263106716,-10.576951990185602,10.279050589039135,52.84552845528455,90,26,180,mom120_vol_adj,5,3,2024-06-08,2024-12-04,walk_forward_window
-15.510668719970921,-28.965586321331614,-0.9845170782573396,-1.3097120842831496,-35.06920079682481,12.34518907786897,50.83333333333333,88,25,180,mom120_vol_adj,5,3,2024-12-05,2025-06-02,walk_forward_window
30.83725873704024,72.53115892810969,4.159071471292375,10.192566914165138,-4.786455921160638,8.4156991242538,57.599999999999994,87,26,180,mom120_vol_adj,5,3,2025-06-03,2025-11-29,walk_forward_window
-0.9265687627760588,-10.080211417950446,-1.060747920143578,-1.425666371062288,-3.0318947883179015,2.0439856774282683,52.38095238095239,18,6,32,mom120_vol_adj,5,3,2025-11-30,2025-12-31,walk_forward_window
20.588707199762467,46.212573791099665,1.03573515198891,1.225417351339003,-35.78932754741124,8.193475298658907,60.97560975609756,140,26,180,mom120_vol_adj,5,5,2020-01-01,2020-06-28,walk_forward_window
53.82512367920771,139.61252075729283,2.832287045581444,3.5401719561881895,-16.48655874986693,9.223828766239976,63.49206349206349,151,27,180,mom120_vol_adj,5,5,2020-06-29,2020-12-25,walk_forward_window
17.88087853926319,39.62734902609662,1.8179624155886218,2.785010782890882,-5.7592450905546215,8.068247291641864,59.83606557377049,144,26,180,mom120_vol_adj,5,5,2020-12-26,2021-06-23,walk_forward_window
17.256007216100766,38.12956483353835,1.9861108337430549,3.454100652234449,-6.720534311105841,8.473058291535834,58.87096774193549,145,26,180,mom120_vol_adj,5,5,2021-06-24,2021-12-20,walk_forward_window
-11.793611632328972,-22.48058295109805,-1.076493260022961,-1.5390165970747762,-16.766143338888597,7.504086587671439,50.0,133,26,180,mom120_vol_adj,5,5,2021-12-21,2022-06-18,walk_forward_window
21.105067299561743,47.4857965950094,1.5670536916490645,2.702062060555126,-13.780730991065205,12.186954891059756,54.03225806451613,93,23,180,mom120_vol_adj,5,5,2022-06-19,2022-12-15,walk_forward_window
22.889359161178003,51.928549705463944,2.7873940593769597,4.455442070519662,-9.026334916449663,6.008721277089677,56.19834710743802,139,26,180,mom120_vol_adj,5,5,2022-12-16,2023-06-13,walk_forward_window
0.5032021092337802,1.0237250569136824,0.14831641159469078,0.2138176706646022,-15.056090382196208,8.332447854871642,55.64516129032258,145,26,180,mom120_vol_adj,5,5,2023-06-14,2023-12-10,walk_forward_window
24.18366519064705,55.19313073851995,3.3016830993751043,4.428317930127077,-4.534014829532229,6.729867989158939,59.34959349593496,141,26,180,mom120_vol_adj,5,5,2023-12-11,2024-06-07,walk_forward_window
13.417466424518665,29.108464121968836,1.6990661350993903,2.8531604444005874,-9.925107880692075,10.333525583467097,56.91056910569105,150,26,180,mom120_vol_adj,5,5,2024-06-08,2024-12-04,walk_forward_window
-9.990592417528765,-19.23140334755937,-0.6093444068627041,-0.7840400451754247,-27.130955014267744,9.922632301452634,51.66666666666667,131,25,180,mom120_vol_adj,5,5,2024-12-05,2025-06-02,walk_forward_window
21.77058557850897,49.1350676380955,3.03248272303233,4.628500908688857,-4.777307878785509,9.169062534813992,56.8,144,26,180,mom120_vol_adj,5,5,2025-06-03,2025-11-29,walk_forward_window
-1.218813854031775,-13.061647534793197,-1.7140302337024271,-2.5661632547614146,-2.4279280939624948,2.8541480707117057,47.61904761904761,32,6,32,mom120_vol_adj,5,5,2025-11-30,2025-12-31,walk_forward_window
45.18287022797034,113.08520070990707,1.5935750146130045,1.879917911505502,-37.90262432102228,4.975985673329365,60.97560975609756,28,8,180,mom120_vol_adj,20,3,2020-01-01,2020-06-28,walk_forward_window
83.26032803178711,241.8296649151521,2.944048320070517,3.8647335556685016,-19.35294966075518,3.673565070992797,59.523809523809526,26,8,180,mom120_vol_adj,20,3,2020-06-29,2020-12-25,walk_forward_window
17.128165862121026,37.82414523506996,1.477503346790482,2.285905785380545,-10.613608040024713,6.055001116376672,56.557377049180324,30,8,180,mom120_vol_adj,20,3,2020-12-26,2021-06-23,walk_forward_window
1.9123202033903386,3.9186086435568646,0.2927828343101825,0.4474434728043863,-9.176023251898602,6.688908832686362,54.83870967741935,31,8,180,mom120_vol_adj,20,3,2021-06-24,2021-12-20,walk_forward_window
1.2339132113780904,2.5197154658537224,0.22424302257883819,0.322975646726445,-13.563057083829044,6.126490348018549,54.83870967741935,30,8,180,mom120_vol_adj,20,3,2021-12-21,2022-06-18,walk_forward_window
17.567542461529563,38.87527458184961,1.333633159914651,2.0976675160306373,-14.250982216558883,5.673932316000565,54.83870967741935,24,8,180,mom120_vol_adj,20,3,2022-06-19,2022-12-15,walk_forward_window
19.007503230804733,42.34851449276178,2.0705202535307534,3.072936667421807,-11.171085405849324,6.728474393839574,57.85123966942148,31,8,180,mom120_vol_adj,20,3,2022-12-16,2023-06-13,walk_forward_window
-7.333109997158704,-14.319009929040117,-0.5742025479500564,-0.7493125011070457,-24.125625142299178,7.3914443336608215,48.38709677419355,32,8,180,mom120_vol_adj,20,3,2023-06-14,2023-12-10,walk_forward_window
21.139261719791257,47.57030967766822,2.6173945129430156,3.4104375017118658,-6.360085556829487,5.406103483137951,59.34959349593496,29,8,180,mom120_vol_adj,20,3,2023-12-11,2024-06-07,walk_forward_window
15.365005108811447,33.64683353381417,1.662278890056425,2.2562447143357027,-12.381265630140936,6.713638212234997,55.28455284552846,31,8,180,mom120_vol_adj,20,3,2024-06-08,2024-12-04,walk_forward_window
-8.425567746963402,-16.356239191733234,-0.4101698229338046,-0.6016260389203327,-32.44263337910513,4.794407566339275,50.0,25,7,180,mom120_vol_adj,20,3,2024-12-05,2025-06-02,walk_forward_window
24.582476099982188,56.206131797570656,2.9136736187252548,4.489703790208159,-4.042766997538472,6.12298308558055,60.0,30,8,180,mom120_vol_adj,20,3,2025-06-03,2025-11-29,walk_forward_window
-0.9659473612084746,-10.4873103234981,-1.1158229347013338,-1.4961538264084657,-3.030340873733939,2.009943988253446,52.38095238095239,9,3,32,mom120_vol_adj,20,3,2025-11-30,2025-12-31,walk_forward_window
26.18175261885016,60.30196406034298,1.2072540941258632,1.4991600768696203,-34.7206763428665,5.780494870389906,60.16260162601627,47,8,180,mom120_vol_adj,20,5,2020-01-01,2020-06-28,walk_forward_window
58.87719572619503,155.85118159398345,2.9328806382032986,3.6535692122792325,-15.015168423699599,4.009743493457754,62.698412698412696,44,8,180,mom120_vol_adj,20,5,2020-06-29,2020-12-25,walk_forward_window
12.352396665083699,26.66015071014549,1.3053795045332544,1.952761567475688,-7.665925418776354,4.983085024027808,54.09836065573771,47,8,180,mom120_vol_adj,20,5,2020-12-26,2021-06-23,walk_forward_window
10.585133912000156,22.65012208905972,1.2579192785949587,2.116652201486413,-7.817791084305714,6.167032223548659,55.64516129032258,50,8,180,mom120_vol_adj,20,5,2021-06-24,2021-12-20,walk_forward_window
-12.52418804989739,-23.777878788085616,-1.1348801383581137,-1.6290262750015552,-15.480532900571164,5.716458940303849,51.61290322580645,44,8,180,mom120_vol_adj,20,5,2021-12-21,2022-06-18,walk_forward_window
11.290028531147932,24.24172756511642,0.9438901041938839,1.434513091601036,-16.47688454037224,6.97292776453991,55.64516129032258,34,8,180,mom120_vol_adj,20,5,2022-06-19,2022-12-15,walk_forward_window
9.046502430210968,19.21214164817624,1.1658617768162873,1.6675537350554315,-11.944231570599717,4.4868880039776045,55.371900826446286,46,8,180,mom120_vol_adj,20,5,2022-12-16,2023-06-13,walk_forward_window
5.607881643299528,11.707878927914916,0.6718591557315898,0.9394976408710987,-12.165964205184011,4.53668206028052,57.25806451612904,46,8,180,mom120_vol_adj,20,5,2023-06-14,2023-12-10,walk_forward_window
15.935578863578392,34.99151072144113,2.2876735090559124,3.1331209372791706,-4.555908422678778,4.114445603457257,57.72357723577236,45,8,180,mom120_vol_adj,20,5,2023-12-11,2024-06-07,walk_forward_window
15.76208083096946,34.5819036618183,1.8111391245937711,2.402044504836937,-11.837489157387825,5.659150306369915,59.34959349593496,49,8,180,mom120_vol_adj,20,5,2024-06-08,2024-12-04,walk_forward_window
-2.800636014477864,-5.601079157894484,-0.06093727634215385,-0.08151858993556452,-26.387174189758976,4.878250776925514,53.333333333333336,40,7,180,mom120_vol_adj,20,5,2024-12-05,2025-06-02,walk_forward_window
27.297075519809265,63.19019334650833,3.367792602086135,5.019142231224285,-4.809222519870582,4.958754717908944,64.0,45,8,180,mom120_vol_adj,20,5,2025-06-03,2025-11-29,walk_forward_window
0.6280148452982193,7.407288627356556,0.7331019162037864,1.3893892347975048,-2.0024589297941153,2.4238024637279754,47.61904761904761,16,3,32,mom120_vol_adj,20,5,2025-11-30,2025-12-31,walk_forward_window
151.00469108214008,16.57312664561763,0.6990424951590911,0.9076340964683395,-31.720705161994644,605.5073100642936,52.820172528201724,5075,1477,2192,mom20,1,3,,,full_eval
68.34782104935249,9.066819839174634,0.48793680713362453,0.6026178876409239,-32.839922483198016,504.1883854986189,53.15195753151958,7702,1477,2192,mom20,1,5,,,full_eval
125.01497669858819,14.469164816789748,0.6275558162762721,0.8290039028430599,-31.11867045086901,252.71984327265181,53.35102853351028,1199,302,2192,mom20,5,3,,,full_eval
100.86177977669415,12.323691791359991,0.6059556338783599,0.7791269804454235,-30.98682854013839,220.06993605046773,53.682813536828135,1786,302,2192,mom20,5,5,,,full_eval
363.0185200836133,29.09450492359984,1.0172135477634865,1.3786401971367188,-38.62554950478943,118.06461600649287,53.550099535501,388,77,2192,mom20,20,3,,,full_eval
213.42360748842898,20.96779267226625,0.8807119420381178,1.135380609898159,-36.966184337727846,97.74811147708186,53.881884538818845,551,77,2192,mom20,20,5,,,full_eval
199.57341106188818,20.060209130563432,0.7711802607507539,0.9809468078962538,-49.95751076314089,340.11280836517693,54.01459854014598,4846,1497,2192,mom60,1,3,,,full_eval
131.46104684841498,15.009168207077849,0.685978785297786,0.812047925961677,-48.331134567999015,291.43423464503945,56.07166556071665,7611,1497,2192,mom60,1,5,,,full_eval
381.9308091384307,29.958537935381592,1.049595674096889,1.3790775925545051,-36.533924611512916,149.79120495958733,54.14731254147313,1085,302,2192,mom60,5,3,,,full_eval
262.3913897093597,23.929601570976146,0.9841173886897175,1.2330907378778617,-36.71832054717653,116.91762947994451,55.938951559389515,1642,302,2192,mom60,5,5,,,full_eval
252.81508838977794,23.377805762264515,0.8599261035900247,1.1256972402763419,-38.2809313112581,75.73400848656283,54.14731254147313,328,77,2192,mom60,20,3,,,full_eval
283.1557988862687,25.08552497441896,1.0025073376533122,1.2695937863118878,-38.698046434577826,57.33566652221377,56.46980756469807,476,77,2192,mom60,20,5,,,full_eval
801.4674924374992,44.25206559842179,1.3571226974403408,1.75793250315566,-41.74082874937229,226.3825948657605,57.46516257465163,4736,1488,2192,mom120,1,3,,,full_eval
384.9126408162977,30.092177801466423,1.136396646386858,1.4312837562471077,-40.85434824850031,184.23475051206847,57.00066357000664,7544,1488,2192,mom120,1,5,,,full_eval
650.2794466084343,39.90628826762062,1.2497204966004507,1.6060775912747192,-37.796909673779155,96.43014036183864,56.536164565361645,1021,299,2192,mom120,5,3,,,full_eval
493.71023881422894,34.554950484840965,1.2797880221775286,1.6262075390206576,-34.84218248892621,79.19909629804427,57.33244857332449,1604,299,2192,mom120,5,5,,,full_eval
749.7385455365986,42.83859109650865,1.3005519953505074,1.694766655844526,-38.73585475647461,45.69149535479437,56.13802256138023,286,76,2192,mom120,20,3,,,full_eval
502.0764823397139,34.86905170472101,1.271467726973057,1.6441240590275812,-35.03406242599403,39.37488762106056,57.19973457199734,449,76,2192,mom120,20,5,,,full_eval
168.61607801984326,17.8977959753839,0.7067123428582242,0.8549075099944765,-56.50067639635039,375.30846008056113,53.41738553417385,4743,1475,2192,mom60_trend,1,3,,,full_eval
130.78967633225838,14.953514768293807,0.6709723440439262,0.752306589710366,-54.96304524016229,304.1292034707764,55.87259455872594,7245,1475,2192,mom60_trend,1,5,,,full_eval
325.60388306154965,27.294708440183268,0.9668192883999975,1.2532356640464124,-41.30327564256948,150.39274143055047,53.01924353019244,1050,301,2192,mom60_trend,5,3,,,full_eval
270.84506065656075,24.406702090874035,0.9732182283454403,1.2088764772371052,-38.35242421378112,119.75281096303982,55.341738553417386,1556,301,2192,mom60_trend,5,5,,,full_eval
384.45995322244266,30.07193339969927,1.042627471236866,1.3642945017238213,-36.152936385358714,75.61904931296004,54.67816854678168,321,77,2192,mom60_trend,20,3,,,full_eval
354.58128925520026,28.699519528756067,1.1102756296835816,1.4034120406214319,-34.289629127249995,58.78743837427112,57.0670205706702,455,77,2192,mom60_trend,20,5,,,full_eval
634.8061464427179,39.42132338881679,1.2626621873291901,1.601693233819671,-48.21334028509913,245.84495023331291,57.133377571333774,4709,1486,2192,mom120_trend,1,3,,,full_eval
310.53337895887773,26.532307453406602,1.0491197425284753,1.2815827440537404,-46.59159296666532,214.43364248069145,56.80159256801593,7415,1486,2192,mom120_trend,1,5,,,full_eval
776.3809155252077,43.575271723896414,1.3349884269269916,1.7609828067719344,-37.796909673779155,100.22327711994649,56.536164565361645,1013,299,2192,mom120_trend,5,3,,,full_eval
571.9955385758814,37.36084198771608,1.34343453479419,1.732992821071414,-36.94584335509805,87.51758892372375,57.46516257465163,1575,299,2192,mom120_trend,5,5,,,full_eval
656.8416798243945,40.10944830548981,1.2676718836923597,1.6467212792021773,-38.73585475647461,45.51028422814261,56.20437956204379,286,76,2192,mom120_trend,20,3,,,full_eval
480.1113987100237,34.0364365832053,1.2757399101395792,1.6254207915828844,-32.48293875509224,41.66673058998503,56.934306569343065,446,76,2192,mom120_trend,20,5,,,full_eval
754.6132422503252,42.974805102893775,1.379217100390806,1.742110994703146,-43.17923120635172,239.80550890617243,56.934306569343065,4759,1488,2192,mom120_vol_adj,1,3,,,full_eval
322.52255731366273,27.14067817774517,1.0764022224658096,1.3381652554396049,-40.756594924028754,187.68506245160046,56.13802256138023,7555,1488,2192,mom120_vol_adj,1,5,,,full_eval
702.9929252543092,41.498192443676786,1.3498770444888706,1.6849791063090631,-39.27915065659966,97.45753351011292,56.8679495686795,1024,299,2192,mom120_vol_adj,5,3,,,full_eval
441.37028948483686,32.501618861144046,1.2677634889374814,1.5922017245958644,-35.78932754741124,81.93454709944199,56.60252156602521,1612,299,2192,mom120_vol_adj,5,5,,,full_eval
756.0602017904441,43.01511296579959,1.362923645162415,1.7455377505402847,-37.90262432102228,46.44800532464261,56.536164565361645,288,76,2192,mom120_vol_adj,20,3,,,full_eval
464.4782604617805,33.42768819929907,1.279270329497671,1.640726676405079,-34.7206763428665,41.11082396761119,57.19973457199734,454,76,2192,mom120_vol_adj,20,5,,,full_eval
